gameorder,year_id,team,opponent,location,team_points,opp_points,elo_before,elo_after,win_equiv,won,point_diff
61847,2015,Rockets,Lakers,A,108,90,1596.4641,1607.8038,51.586834,1,18
61847,2015,Lakers,Rockets,H,90,108,1421.9985,1410.6588,31.337477,0,-18
61848,2015,Pelicans,Magic,H,101,84,1457.2185,1463.354,36.695789,1,17
61848,2015,Magic,Pelicans,A,84,101,1359.4265,1353.291,25.881901,0,-17
61849,2015,Spurs,Mavericks,H,101,100,1699.5024,1701.1141,60.040932,1,1
61849,2015,Mavericks,Spurs,A,100,101,1592.0101,1590.3984,49.864151,0,-1
61850,2015,Celtics,Nets,H,121,105,1378.5464,1394.7191,29.774229,1,16
61850,2015,Nets,Celtics,A,105,121,1518.2666,1502.0939,40.743515,0,-16
61851,2015,Bucks,Hornets,A,106,108,1317.8491,1316.6272,22.6791,0,-2
61851,2015,Hornets,Bucks,H,108,106,1511.0031,1512.225,41.806114,1,2
61852,2015,Nuggets,Pistons,H,89,79,1473.0493,1477.7131,38.190491,1,10
61852,2015,Pistons,Nuggets,A,79,89,1389.2994,1384.6356,28.802885,0,-10
61853,2015,Pacers,Sixers,H,103,91,1532.6748,1535.2634,44.216228,1,12
61853,2015,Sixers,Pacers,A,91,103,1316.4243,1313.8357,22.445501,0,-12
61854,2015,Grizzlies,Timberwolves,H,105,101,1578.4064,1581.522,48.972343,1,4
61854,2015,Timberwolves,Grizzlies,A,101,105,1513.3354,1510.2198,41.595848,0,-4
61855,2015,Wizards,Heat,A,95,107,1541.4388,1534.9141,44.179802,0,-12
61855,2015,Heat,Wizards,H,107,95,1579.3748,1585.8995,49.413189,1,12
61856,2015,Knicks,Bulls,H,80,104,1534.4419,1509.5001,41.520367,0,-24
61856,2015,Bulls,Knicks,A,104,80,1547.2185,1572.1603,48.023235,1,24
61857,2015,Suns,Lakers,H,119,99,1560.1208,1565.3689,47.329758,1,20
61857,2015,Lakers,Suns,A,99,119,1410.6588,1405.4108,30.819227,0,-20
61858,2015,Thunder,Trailblazers,A,89,106,1619.7805,1607.6138,51.568226,0,-17
61858,2015,Trailblazers,Thunder,H,106,89,1567.8318,1579.9985,48.81847,1,17
61859,2015,Warriors,Kings,A,95,77,1590.7976,1602.8633,51.101589,1,18
61859,2015,Kings,Warriors,H,77,95,1431.1567,1419.0911,32.176994,0,-18
61860,2015,Raptors,Hawks,H,109,102,1550.7469,1554.9813,46.26199,1,7
61860,2015,Hawks,Raptors,A,102,109,1490.1147,1485.8804,39.044273,0,-7
61861,2015,Jazz,Rockets,H,93,104,1373.317,1367.0422,27.144075,0,-11
61861,2015,Rockets,Jazz,A,104,93,1607.8038,1614.0786,52.198559,1,11
61862,2015,Cavaliers,Knicks,H,90,95,1463.7213,1455.226,35.854546,0,-5
61862,2015,Knicks,Cavaliers,A,95,90,1509.5001,1517.9955,42.410961,1,5
61863,2015,Jazz,Mavericks,A,102,120,1367.0422,1363.7863,26.8424,0,-18
61863,2015,Mavericks,Jazz,H,120,102,1590.3984,1593.6544,50.189129,1,18
61864,2015,Thunder,Clippers,A,90,93,1607.6138,1604.2545,51.238544,0,-3
61864,2015,Clippers,Thunder,H,93,90,1630.6335,1633.9928,54.10347,1,3
61865,2015,Pistons,Timberwolves,A,91,97,1384.6356,1381.8267,28.534891,0,-6
61865,2015,Timberwolves,Pistons,H,97,91,1510.2198,1513.0288,41.890396,1,6
61866,2015,Wizards,Magic,A,105,98,1534.9141,1540.9893,44.812416,1,7
61866,2015,Magic,Wizards,H,98,105,1353.291,1347.2158,25.334467,0,-7
61867,2015,Bulls,Cavaliers,H,108,114,1572.1603,1557.6185,46.533825,0,-6
61867,2015,Cavaliers,Bulls,A,114,108,1455.226,1469.7677,37.362232,1,6
61868,2015,Grizzlies,Pacers,A,97,89,1581.522,1592.4651,50.07056,1,8
61868,2015,Pacers,Grizzlies,H,89,97,1535.2634,1524.3203,43.073196,0,-8
61869,2015,Clippers,Lakers,A,118,111,1633.9928,1638.92,54.565639,1,7
61869,2015,Lakers,Clippers,H,111,118,1405.4108,1400.4835,30.335787,0,-7
61870,2015,Bucks,Sixers,H,93,81,1316.6272,1324.2878,23.327812,1,12
61870,2015,Sixers,Bucks,A,81,93,1313.8357,1306.175,21.812202,0,-12
61871,2015,Suns,Spurs,H,94,89,1565.3689,1573.3562,48.144936,1,5
61871,2015,Spurs,Suns,A,89,94,1701.1141,1693.1268,59.377598,0,-5
61872,2015,Trailblazers,Kings,A,94,103,1579.9985,1567.9905,47.597916,0,-9
61872,2015,Kings,Trailblazers,H,103,94,1419.0911,1431.0991,33.385868,1,9
61873,2015,Pacers,Hawks,A,92,102,1524.3203,1516.1642,42.219063,0,-10
61873,2015,Hawks,Pacers,H,102,92,1485.8804,1494.0365,39.898594,1,10
61874,2015,Grizzlies,Hornets,A,71,69,1592.4651,1597.6534,50.586613,1,2
61874,2015,Hornets,Grizzlies,H,69,71,1512.225,1507.0366,41.261978,0,-2
61875,2015,Nets,Pistons,A,102,90,1502.0939,1512.8772,41.8745,1,12
61875,2015,Pistons,Nets,H,90,102,1381.8267,1371.0433,27.517117,0,-12
61876,2015,Lakers,Warriors,A,104,127,1400.4835,1396.1412,29.912357,0,-23
61876,2015,Warriors,Lakers,H,127,104,1602.8633,1607.2056,51.52824,1,23
61877,2015,Rockets,Celtics,H,104,90,1614.0786,1616.8905,52.470966,1,14
61877,2015,Celtics,Rockets,A,90,104,1394.7191,1391.9072,29.501928,0,-14
61878,2015,Timberwolves,Bulls,H,105,106,1513.0288,1508.1306,41.376728,0,-1
61878,2015,Bulls,Timberwolves,A,106,105,1557.6185,1562.5167,47.037384,1,1
61879,2015,Mavericks,Pelicans,A,109,104,1593.6544,1599.9275,50.811802,1,5
61879,2015,Pelicans,Mavericks,H,104,109,1463.354,1457.0809,36.046173,0,-5
61880,2015,Nuggets,Thunder,A,91,102,1477.7131,1473.733,37.775261,0,-11
61880,2015,Thunder,Nuggets,H,102,91,1604.2545,1608.2346,51.628998,1,11
61881,2015,Raptors,Magic,A,108,95,1554.9813,1562.8708,47.073719,1,13
61881,2015,Magic,Raptors,H,95,108,1347.2158,1339.3263,24.633213,0,-13
61882,2015,Heat,Sixers,A,114,96,1585.8995,1592.8823,50.112175,1,18
61882,2015,Sixers,Heat,H,96,114,1306.175,1299.1923,21.244967,0,-18
61883,2015,Jazz,Suns,H,118,91,1363.7863,1392.7725,29.5856,1,27
61883,2015,Suns,Jazz,A,91,118,1573.3562,1544.37,45.163685,0,-27
61884,2015,Bucks,Wizards,A,97,108,1324.2878,1321.8444,23.119684,0,-11
61884,2015,Wizards,Bucks,H,108,97,1540.9893,1543.4327,45.06636,1,11
61885,2015,Kings,Clippers,A,98,92,1431.0991,1448.6361,35.17569,1,6
61885,2015,Clippers,Kings,H,92,98,1638.92,1621.3831,52.903919,0,-6
61886,2015,Raptors,Heat,A,102,107,1562.8708,1558.7764,46.653015,0,-5
61886,2015,Heat,Raptors,H,107,102,1592.8823,1596.9768,50.519489,1,5
61887,2015,Hornets,Knicks,A,93,96,1507.0366,1503.4882,40.889767,0,-3
61887,2015,Knicks,Hornets,H,96,93,1517.9955,1521.5439,42.782612,1,3
61888,2015,Warriors,Trailblazers,A,95,90,1607.2056,1615.8838,52.373566,1,5
61888,2015,Trailblazers,Warriors,H,90,95,1567.9905,1559.3123,46.708149,0,-5
61889,2015,Nets,Thunder,H,116,85,1512.8772,1534.8898,44.177269,1,31
61889,2015,Thunder,Nets,A,85,116,1608.2346,1586.222,49.445591,0,-31
61890,2015,Mavericks,Celtics,H,118,113,1599.9275,1601.5667,50.973732,1,5
61890,2015,Celtics,Mavericks,A,113,118,1391.9072,1390.2681,29.343697,0,-5
61891,2015,Kings,Nuggets,A,110,105,1448.6361,1459.156,36.260796,1,5
61891,2015,Nuggets,Kings,H,105,110,1473.733,1463.2131,36.681175,0,-5
61892,2015,Clippers,Jazz,H,107,101,1621.3831,1622.988,53.057896,1,6
61892,2015,Jazz,Clippers,A,101,107,1392.7725,1391.1675,29.430471,0,-6
61893,2015,Pelicans,Grizzlies,A,81,93,1457.0809,1453.1731,35.642742,0,-12
61893,2015,Grizzlies,Pelicans,H,93,81,1597.6534,1601.5613,50.973202,1,12
61894,2015,Rockets,Sixers,A,104,93,1616.8905,1621.0573,52.872616,1,11
61894,2015,Sixers,Rockets,H,93,104,1299.1923,1295.0255,20.911091,0,-11
61895,2015,Magic,Bulls,A,90,98,1339.3263,1337.3835,24.46224,0,-8
61895,2015,Bulls,Magic,H,98,90,1562.5167,1564.4595,47.236603,1,8
61896,2015,Bucks,Pacers,A,87,81,1321.8444,1338.9329,24.598534,1,6
61896,2015,Pacers,Bucks,H,81,87,1516.1642,1499.0757,40.426952,0,-6
61897,2015,Lakers,Suns,H,106,112,1396.1412,1389.7228,29.291142,0,-6
61897,2015,Suns,Lakers,A,112,106,1544.37,1550.7885,45.828838,1,6
61898,2015,Rockets,Heat,A,108,91,1621.0573,1640.0063,54.667019,1,17
61898,2015,Heat,Rockets,H,91,108,1596.9768,1578.0277,48.619064,0,-17
61899,2015,Pelicans,Hornets,H,100,91,1453.1731,1461.2051,36.472992,1,9
61899,2015,Hornets,Pelicans,A,91,100,1503.4882,1495.4562,40.047417,0,-9
61900,2015,Knicks,Wizards,H,83,98,1521.5439,1504.0078,40.944275,0,-15
61900,2015,Wizards,Knicks,A,98,83,1543.4327,1560.9689,46.878448,1,15
61901,2015,Trailblazers,Cavaliers,H,101,82,1559.3123,1566.2142,47.416286,1,19
61901,2015,Cavaliers,Trailblazers,A,82,101,1469.7677,1462.8657,36.645142,0,-19
61902,2015,Raptors,Thunder,H,100,88,1558.7764,1567.5104,47.548847,1,12
61902,2015,Thunder,Raptors,A,88,100,1586.222,1577.488,48.564396,0,-12
61903,2015,Celtics,Raptors,H,107,110,1390.2681,1386.1544,28.948267,0,-3
61903,2015,Raptors,Celtics,A,110,107,1567.5104,1571.624,47.96862,1,3
61904,2015,Nets,Timberwolves,H,91,98,1534.8898,1522.2559,42.85714,0,-7
61904,2015,Timberwolves,Nets,A,98,91,1508.1306,1520.7645,42.701,1,7
61905,2015,Hornets,Heat,H,96,89,1495.4562,1503.3374,40.873951,1,7
61905,2015,Heat,Hornets,A,89,96,1578.0277,1570.1465,47.818016,0,-7
61906,2015,Pistons,Knicks,H,98,95,1371.0433,1377.3285,28.108179,1,3
61906,2015,Knicks,Pistons,A,95,98,1504.0078,1497.7227,40.285061,0,-3
61907,2015,Warriors,Clippers,H,121,104,1615.8838,1625.957,53.341755,1,17
61907,2015,Clippers,Warriors,A,104,121,1622.988,1612.9148,52.085495,0,-17
61908,2015,Bucks,Bulls,H,86,95,1338.9329,1333.151,24.092131,0,-9
61908,2015,Bulls,Bucks,A,95,86,1564.4595,1570.2413,47.82769,1,9
61909,2015,Magic,Sixers,A,91,89,1337.3835,1343.2817,24.983406,1,2
61909,2015,Sixers,Magic,H,89,91,1295.0255,1289.1273,20.444416,0,-2
61910,2015,Grizzlies,Suns,A,102,91,1601.5613,1614.6375,52.252785,1,11
61910,2015,Suns,Grizzlies,H,91,102,1550.7885,1537.7123,44.471394,0,-11
61911,2015,Kings,Nuggets,H,131,109,1459.156,1471.0381,37.494476,1,22
61911,2015,Nuggets,Kings,A,109,131,1463.2131,1451.3311,35.452938,0,-22
61912,2015,Hawks,Spurs,A,92,94,1494.0365,1492.8539,39.774643,0,-2
61912,2015,Spurs,Hawks,H,94,92,1693.1268,1694.3094,59.476593,1,2
61913,2015,Cavaliers,Jazz,A,100,102,1462.8657,1458.5249,36.195496,0,-2
61913,2015,Jazz,Cavaliers,H,102,100,1391.1675,1395.5083,29.850847,1,2
61914,2015,Wizards,Pacers,H,96,94,1560.9689,1563.3861,47.126572,1,2
61914,2015,Pacers,Wizards,A,94,96,1499.0757,1496.6584,40.17347,0,-2
61915,2015,Rockets,Spurs,H,98,81,1640.0063,1652.2893,55.800041,1,17
61915,2015,Spurs,Rockets,A,81,98,1694.3094,1682.0265,58.435421,0,-17
61916,2015,Trailblazers,Mavericks,H,108,87,1566.2142,1579.3641,48.754322,1,21
61916,2015,Mavericks,Trailblazers,A,87,108,1601.5667,1588.4167,49.665779,0,-21
61917,2015,Pacers,Celtics,A,98,101,1496.6584,1490.8501,39.564674,0,-3
61917,2015,Celtics,Pacers,H,101,98,1386.1544,1391.9628,29.507296,1,3
61918,2015,Nets,Knicks,H,110,99,1522.2559,1528.8265,43.544373,1,11
61918,2015,Knicks,Nets,A,99,110,1497.7227,1491.152,39.596302,0,-11
61919,2015,Hawks,Hornets,A,119,122,1492.8539,1489.2977,39.402061,0,-3
61919,2015,Hornets,Hawks,H,122,119,1503.3374,1506.8936,41.246971,1,3
61920,2015,Nuggets,Cavaliers,H,101,110,1451.3311,1438.0729,34.094429,0,-9
61920,2015,Cavaliers,Nuggets,A,110,101,1458.5249,1471.7831,37.572063,1,9
61921,2015,Pistons,Bucks,H,98,95,1377.3285,1380.3726,28.396618,1,3
61921,2015,Bucks,Pistons,A,95,98,1333.151,1330.1069,23.827978,0,-3
61922,2015,Thunder,Grizzlies,H,89,91,1577.488,1571.4899,47.954956,0,-2
61922,2015,Grizzlies,Thunder,A,91,89,1614.6375,1620.6356,52.832085,1,2
61923,2015,Timberwolves,Magic,A,103,112,1520.7645,1508.1108,41.374653,0,-9
61923,2015,Magic,Timberwolves,H,112,103,1343.2817,1355.9354,26.122169,1,9
61924,2015,Sixers,Bulls,H,115,118,1289.1273,1286.5818,20.245171,0,-3
61924,2015,Bulls,Sixers,A,118,115,1570.2413,1572.7869,48.087013,1,3
61925,2015,Suns,Kings,H,112,114,1537.7123,1529.6503,43.630436,0,-2
61925,2015,Kings,Suns,A,114,112,1471.0381,1479.1001,38.335327,1,2
61926,2015,Raptors,Wizards,H,103,84,1571.624,1581.7811,48.998497,1,19
61926,2015,Wizards,Raptors,A,84,103,1563.3861,1553.229,46.081104,0,-19
61927,2015,Mavericks,Jazz,A,105,82,1588.4167,1600.8418,50.902164,1,23
61927,2015,Jazz,Mavericks,H,82,105,1395.5083,1383.0833,28.654634,0,-23
61928,2015,Knicks,Hawks,A,96,103,1491.152,1485.4983,39.004288,0,-7
61928,2015,Hawks,Knicks,H,103,96,1489.2977,1494.9514,39.994499,1,7
61929,2015,Celtics,Bulls,A,106,101,1391.9628,1407.1082,30.986477,1,5
61929,2015,Bulls,Celtics,H,101,106,1572.7869,1557.6415,46.536186,0,-5
61930,2015,Warriors,Rockets,A,98,87,1625.957,1642.474,54.896618,1,11
61930,2015,Rockets,Warriors,H,87,98,1652.2893,1635.7723,54.270824,0,-11
61931,2015,Wizards,Pacers,A,97,90,1553.229,1562.8384,47.070389,1,7
61931,2015,Pacers,Wizards,H,90,97,1490.8501,1481.2407,38.558998,0,-7
61932,2015,Clippers,Trailblazers,H,106,102,1612.9148,1616.5344,52.436531,1,4
61932,2015,Trailblazers,Clippers,A,102,106,1579.3641,1575.7445,48.387589,0,-4
61933,2015,Timberwolves,Heat,A,92,102,1508.1108,1502.9229,40.830467,0,-10
61933,2015,Heat,Timberwolves,H,102,92,1570.1465,1575.3345,48.345966,1,10
61934,2015,Grizzlies,Bucks,A,92,93,1620.6356,1613.4857,52.140984,0,-1
61934,2015,Bucks,Grizzlies,H,93,92,1330.1069,1337.2568,24.451113,1,1
61935,2015,Pelicans,Spurs,A,100,99,1461.2051,1470.5984,37.448696,1,1
61935,2015,Spurs,Pelicans,H,99,100,1682.0265,1672.6333,57.620125,0,-1
61936,2015,Nets,Magic,H,104,96,1528.8265,1531.3915,43.812275,1,8
61936,2015,Magic,Nets,A,96,104,1355.9354,1353.3705,25.889105,0,-8
61937,2015,Mavericks,Heat,H,96,105,1600.8418,1586.2744,49.450851,0,-9
61937,2015,Heat,Mavericks,A,105,96,1575.3345,1589.9019,49.81448,1,9
61938,2015,Pistons,Jazz,H,96,97,1380.3726,1374.7932,27.869024,0,-1
61938,2015,Jazz,Pistons,A,97,96,1383.0833,1388.6626,29.189083,1,1
61939,2015,Lakers,Hornets,H,107,92,1389.7228,1404.0479,30.685194,1,15
61939,2015,Hornets,Lakers,A,92,107,1506.8936,1492.5685,39.744732,0,-15
61940,2015,Thunder,Kings,H,101,93,1571.4899,1575.3979,48.352413,1,8
61940,2015,Kings,Thunder,A,93,101,1479.1001,1475.192,37.927399,0,-8
61941,2015,Warriors,Suns,A,95,107,1642.474,1630.2834,53.753067,0,-12
61941,2015,Suns,Warriors,H,107,95,1529.6503,1541.8408,44.900951,1,12
61942,2015,Nuggets,Trailblazers,A,100,116,1438.0729,1433.2789,33.606861,0,-16
61942,2015,Trailblazers,Nuggets,H,116,100,1575.7445,1580.5385,48.873028,1,16
61943,2015,Sixers,Raptors,A,88,120,1286.5818,1283.3352,19.992952,0,-32
61943,2015,Raptors,Sixers,H,120,88,1581.7811,1585.0277,49.32555,1,32
61944,2015,Pistons,Bulls,A,91,102,1374.7932,1371.8466,27.59231,0,-11
61944,2015,Bulls,Pistons,H,102,91,1557.6415,1560.5881,46.839329,1,11
61945,2015,Pelicans,Cavaliers,A,111,118,1470.5984,1465.0203,36.868721,0,-7
61945,2015,Cavaliers,Pelicans,H,118,111,1471.7831,1477.3612,38.153751,1,7
61946,2015,Pacers,Jazz,H,97,86,1481.2407,1485.9758,39.054264,1,11
61946,2015,Jazz,Pacers,A,86,97,1388.6626,1383.9275,28.735216,0,-11
61947,2015,Clippers,Spurs,H,85,89,1616.5344,1609.156,51.719097,0,-4
61947,2015,Spurs,Clippers,A,89,85,1672.6333,1680.0117,58.261921,1,4
61948,2015,Knicks,Hawks,H,85,91,1485.4983,1475.0369,37.911213,0,-6
61948,2015,Hawks,Knicks,A,91,85,1494.9514,1505.4128,41.091656,1,6
61949,2015,Kings,Mavericks,A,98,106,1475.192,1471.6376,37.556908,0,-8
61949,2015,Mavericks,Kings,H,106,98,1586.2744,1589.8289,49.807178,1,8
61950,2015,Spurs,Warriors,A,113,100,1680.0117,1694.6123,59.5019,1,13
61950,2015,Warriors,Spurs,H,100,113,1630.2834,1615.6829,52.354107,0,-13
61951,2015,Grizzlies,Lakers,H,107,102,1613.4857,1615.1119,52.29879,1,5
61951,2015,Lakers,Grizzlies,A,102,107,1404.0479,1402.4216,30.525576,0,-5
61952,2015,Thunder,Bucks,A,78,85,1575.3979,1562.3658,47.0219,0,-7
61952,2015,Bucks,Thunder,H,85,78,1337.2568,1350.2889,25.610586,1,7
61953,2015,Trailblazers,Hornets,H,102,100,1580.5385,1582.6648,49.087624,1,2
61953,2015,Hornets,Trailblazers,A,100,102,1492.5685,1490.4421,39.521935,0,-2
61954,2015,Magic,Raptors,A,100,104,1353.3705,1352.0802,25.772287,0,-4
61954,2015,Raptors,Magic,H,104,100,1585.0277,1586.318,49.455227,1,4
61955,2015,Hawks,Jazz,H,100,97,1505.4128,1507.4873,41.30925,1,3
61955,2015,Jazz,Hawks,A,97,100,1383.9275,1381.853,28.537401,0,-3
61956,2015,Celtics,Thunder,H,94,109,1407.1082,1396.2482,29.922754,0,-15
61956,2015,Thunder,Celtics,A,109,94,1562.3658,1573.2258,48.131676,1,15
61957,2015,Nuggets,Trailblazers,H,113,130,1433.2789,1421.1777,32.385979,0,-17
61957,2015,Trailblazers,Nuggets,A,130,113,1582.6648,1594.766,50.299801,1,17
61958,2015,Heat,Pacers,H,75,81,1589.9019,1575.7856,48.391766,0,-6
61958,2015,Pacers,Heat,A,81,75,1485.9758,1500.092,40.533546,1,6
61959,2015,Rockets,Timberwolves,N,113,101,1635.7723,1642.454,54.89476,1,12
61959,2015,Timberwolves,Rockets,N,101,113,1502.9229,1496.2412,40.129723,0,-12
61960,2015,Lakers,Pelicans,A,102,109,1402.4216,1398.2273,30.115465,0,-7
61960,2015,Pelicans,Lakers,H,109,102,1465.0203,1469.2146,37.304676,1,7
61961,2015,Knicks,Magic,H,95,97,1475.0369,1465.8271,36.952518,0,-2
61961,2015,Magic,Knicks,A,97,95,1352.0802,1361.2899,26.612278,1,2
61962,2015,Nets,Suns,A,104,112,1531.3915,1525.6154,43.208668,0,-8
61962,2015,Suns,Nets,H,112,104,1541.8408,1547.6169,45.500469,1,8
61963,2015,Wizards,Pistons,H,107,103,1562.8384,1564.4569,47.23634,1,4
61963,2015,Pistons,Wizards,A,103,107,1371.8466,1370.228,27.440895,0,-4
61964,2015,Mavericks,Sixers,H,123,70,1589.8289,1594.2554,50.248981,1,53
61964,2015,Sixers,Mavericks,A,70,123,1283.3352,1278.9087,19.652514,0,-53
61965,2015,Nets,Warriors,A,99,107,1525.6154,1521.6616,42.794933,0,-8
61965,2015,Warriors,Nets,H,107,99,1615.6829,1619.6366,52.735947,1,8
61966,2015,Kings,Grizzlies,A,110,111,1471.6376,1470.3008,37.417713,0,-1
61966,2015,Grizzlies,Kings,H,111,110,1615.1119,1616.4487,52.428242,1,1
61967,2015,Raptors,Bulls,H,93,100,1586.318,1573.72,48.181931,0,-7
61967,2015,Bulls,Raptors,A,100,93,1560.5881,1573.1862,48.12764,1,7
61968,2015,Heat,Hawks,A,103,114,1575.7856,1566.0238,47.396801,0,-11
61968,2015,Hawks,Heat,H,114,103,1507.4873,1517.2491,42.33276,1,11
61969,2015,Cavaliers,Celtics,A,122,121,1477.3612,1481.688,38.605751,1,1
61969,2015,Celtics,Cavaliers,H,121,122,1396.2482,1391.9214,29.503296,0,-1
61970,2015,Rockets,Sixers,H,88,87,1642.454,1642.8365,54.930267,1,1
61970,2015,Sixers,Rockets,A,87,88,1278.9087,1278.5261,19.623278,0,-1
61971,2015,Pacers,Nuggets,H,87,108,1500.092,1470.9425,37.484524,0,-21
61971,2015,Nuggets,Pacers,A,108,87,1421.1777,1450.3273,35.349609,1,21
61972,2015,Spurs,Lakers,A,93,80,1694.6123,1699.7814,59.93111,1,13
61972,2015,Lakers,Spurs,H,80,93,1398.2273,1393.0582,29.613258,0,-13
61973,2015,Timberwolves,Pelicans,A,91,139,1496.2412,1473.0338,37.702377,0,-48
61973,2015,Pelicans,Timberwolves,H,139,91,1469.2146,1492.422,39.729382,1,48
61974,2015,Knicks,Jazz,H,100,102,1465.8271,1457.4135,36.080547,0,-2
61974,2015,Jazz,Knicks,A,102,100,1381.853,1390.2667,29.343567,1,2
61975,2015,Pistons,Thunder,A,96,89,1370.228,1389.1327,29.234318,1,7
61975,2015,Thunder,Pistons,H,89,96,1573.2258,1554.3212,46.193867,0,-7
61976,2015,Magic,Bucks,H,101,85,1361.2899,1370.2115,27.439356,1,16
61976,2015,Bucks,Magic,A,85,101,1350.2889,1341.3673,24.813564,0,-16
61977,2015,Hornets,Suns,A,103,95,1490.4421,1505.2291,41.072384,1,8
61977,2015,Suns,Hornets,H,95,103,1547.6169,1532.83,43.962418,0,-8
61978,2015,Pacers,Bulls,A,99,90,1470.9425,1488.6425,39.333435,1,9
61978,2015,Bulls,Pacers,H,90,99,1573.1862,1555.4862,46.314068,0,-9
61979,2015,Cavaliers,Hawks,H,127,94,1481.688,1499.8923,40.5126,1,33
61979,2015,Hawks,Cavaliers,A,94,127,1517.2491,1499.0448,40.423714,0,-33
61980,2015,Mavericks,Timberwolves,H,131,117,1594.2554,1599.0344,50.723438,1,14
61980,2015,Timberwolves,Mavericks,A,117,131,1473.0338,1468.2548,37.204834,0,-14
61981,2015,Warriors,Hornets,H,112,87,1619.6366,1627.0153,53.442619,1,25
61981,2015,Hornets,Warriors,A,87,112,1505.2291,1497.8505,40.298466,0,-25
61982,2015,Suns,Clippers,A,107,120,1532.83,1527.1173,43.365726,0,-13
61982,2015,Clippers,Suns,H,120,107,1609.156,1614.8687,52.275204,1,13
61983,2015,Pistons,Grizzlies,A,88,95,1389.1327,1387.3738,29.065229,0,-7
61983,2015,Grizzlies,Pistons,H,95,88,1616.4487,1618.2076,52.598194,1,7
61984,2015,Nets,Trailblazers,A,87,97,1521.6616,1516.7461,42.280048,0,-10
61984,2015,Trailblazers,Nets,H,97,87,1594.766,1599.6815,50.787472,1,10
61985,2015,Kings,Spurs,H,94,91,1470.3008,1478.7598,38.299782,1,3
61985,2015,Spurs,Kings,A,91,94,1699.7814,1691.3224,59.226036,0,-3
61986,2015,Jazz,Raptors,A,93,111,1390.2667,1386.2045,28.953064,0,-18
61986,2015,Raptors,Jazz,H,111,93,1573.72,1577.7822,48.5942,1,18
61987,2015,Wizards,Magic,H,98,93,1564.4569,1566.226,47.417488,1,5
61987,2015,Magic,Wizards,A,93,98,1370.2115,1368.4425,27.274338,0,-5
61988,2015,Warriors,Lakers,A,136,115,1627.0153,1636.6967,54.357559,1,21
61988,2015,Lakers,Warriors,H,115,136,1393.0582,1383.3768,28.682644,0,-21
61989,2015,Heat,Bucks,H,84,91,1566.0238,1546.3333,45.367393,0,-7
61989,2015,Bucks,Heat,A,91,84,1341.3673,1361.0579,26.590939,1,7
61990,2015,Knicks,Nuggets,H,109,93,1457.4135,1466.4933,37.021725,1,16
61990,2015,Nuggets,Knicks,A,93,109,1450.3273,1441.2474,34.418415,0,-16
61991,2015,Rockets,Thunder,A,69,65,1642.8365,1649.4304,55.538548,1,4
61991,2015,Thunder,Rockets,H,65,69,1554.3212,1547.7273,45.511906,0,-4
61992,2015,Celtics,Suns,H,114,118,1391.9214,1386.3912,28.970966,0,-4
61992,2015,Suns,Celtics,A,118,114,1527.1173,1532.6475,43.943375,1,4
61993,2015,Nets,Heat,H,83,95,1516.7461,1501.95,40.728416,0,-12
61993,2015,Heat,Nets,A,95,83,1546.3333,1561.1294,46.894939,1,12
61994,2015,Hornets,Mavericks,H,80,107,1497.8505,1477.6788,38.186909,0,-27
61994,2015,Mavericks,Hornets,A,107,80,1599.0344,1619.2061,52.694473,1,27
61995,2015,Cavaliers,Nuggets,H,97,106,1499.8923,1483.9794,38.845367,0,-9
61995,2015,Nuggets,Cavaliers,A,106,97,1441.2474,1457.1604,36.054386,1,9
61996,2015,Magic,Pistons,A,107,93,1368.4425,1387.3407,29.062054,1,14
61996,2015,Pistons,Magic,H,93,107,1387.3738,1368.4756,27.27742,0,-14
61997,2015,Bulls,Clippers,A,105,89,1555.4862,1578.5127,48.668171,1,16
61997,2015,Clippers,Bulls,H,89,105,1614.8687,1591.8422,50.008396,0,-16
61998,2015,Grizzlies,Rockets,H,119,93,1618.2076,1633.245,54.033001,1,26
61998,2015,Rockets,Grizzlies,A,93,119,1649.4304,1634.3931,54.141155,0,-26
61999,2015,Trailblazers,Pelicans,H,102,93,1599.6815,1603.5675,51.170944,1,9
61999,2015,Pelicans,Trailblazers,A,93,102,1492.422,1488.536,39.322289,0,-9
62000,2015,Sixers,Spurs,A,75,100,1278.5261,1277.1763,19.520361,0,-25
62000,2015,Spurs,Sixers,H,100,75,1691.3224,1692.6722,59.339474,1,25
62001,2015,Hawks,Lakers,H,109,114,1499.0448,1485.8485,39.040936,0,-5
62001,2015,Lakers,Hawks,A,114,109,1383.3768,1396.5731,29.954359,1,5
62002,2015,Bucks,Knicks,H,117,113,1361.0579,1367.5092,27.187477,1,4
62002,2015,Knicks,Bucks,A,113,117,1466.4933,1460.042,36.352516,0,-4
62003,2015,Pelicans,Kings,A,106,100,1488.536,1498.9872,40.417671,1,6
62003,2015,Kings,Pelicans,H,100,106,1478.7598,1468.3086,37.210434,0,-6
62004,2015,Jazz,Thunder,H,98,81,1386.2045,1404.3101,30.710962,1,17
62004,2015,Thunder,Jazz,A,81,98,1547.7273,1529.6217,43.627453,0,-17
62005,2015,Bucks,Nets,A,122,118,1367.5092,1379.8716,28.349052,1,4
62005,2015,Nets,Bucks,H,118,122,1501.95,1489.5875,39.432415,0,-4
62006,2015,Spurs,Cavaliers,A,92,90,1692.6722,1695.7705,59.598518,1,2
62006,2015,Cavaliers,Spurs,H,90,92,1483.9794,1480.8811,38.521412,0,-2
62007,2015,Nuggets,Thunder,H,107,100,1457.1604,1464.7407,36.839699,1,7
62007,2015,Thunder,Nuggets,A,100,107,1529.6217,1522.0414,42.83469,0,-7
62008,2015,Pistons,Suns,H,86,88,1368.4756,1364.719,26.928644,0,-2
62008,2015,Suns,Pistons,A,88,86,1532.6475,1536.4041,44.33511,1,2
62009,2015,Rockets,Lakers,H,92,98,1634.3931,1615.8522,52.370502,0,-6
62009,2015,Lakers,Rockets,A,98,92,1396.5731,1415.114,31.780022,1,6
62010,2015,Hornets,Pacers,A,86,88,1477.6788,1474.6119,37.866898,0,-2
62010,2015,Pacers,Hornets,H,88,86,1488.6425,1491.7094,39.654705,1,2
62011,2015,Timberwolves,Knicks,H,115,99,1468.2548,1477.2888,38.146194,1,16
62011,2015,Knicks,Timberwolves,A,99,115,1460.042,1451.0079,35.41967,0,-16
62012,2015,Magic,Clippers,H,90,114,1387.3407,1375.1738,27.904865,0,-24
62012,2015,Clippers,Magic,A,114,90,1591.8422,1604.009,51.214397,1,24
62013,2015,Sixers,Celtics,H,90,101,1277.1763,1266.5353,18.722107,0,-11
62013,2015,Celtics,Sixers,A,101,90,1386.3912,1397.0322,29.999037,1,11
62014,2015,Raptors,Grizzlies,H,96,92,1577.7822,1583.1105,49.132542,1,4
62014,2015,Grizzlies,Raptors,A,92,96,1633.245,1627.9167,53.528412,0,-4
62015,2015,Mavericks,Wizards,A,105,102,1619.2061,1625.7966,53.326454,1,3
62015,2015,Wizards,Mavericks,H,102,105,1566.226,1559.6354,46.741383,0,-3
62016,2015,Heat,Clippers,H,93,110,1561.1294,1543.2795,45.050449,0,-17
62016,2015,Clippers,Heat,A,110,93,1604.009,1621.8589,52.949608,1,17
62017,2015,Bulls,Kings,A,88,103,1578.5127,1564.5399,47.244846,0,-15
62017,2015,Kings,Bulls,H,103,88,1468.3086,1482.2814,38.667789,1,15
62018,2015,Pistons,Hawks,A,89,99,1364.719,1360.8612,26.572863,0,-10
62018,2015,Hawks,Pistons,H,99,89,1485.8485,1489.7063,39.444855,1,10
62019,2015,Hornets,Magic,H,100,105,1474.6119,1461.8986,36.544861,0,-5
62019,2015,Magic,Hornets,A,105,100,1375.1738,1387.8872,29.11454,1,5
62020,2015,Mavericks,Lakers,H,140,106,1625.7966,1631.2954,53.848869,1,34
62020,2015,Lakers,Mavericks,A,106,140,1415.114,1409.6152,31.234156,0,-34
62021,2015,Nuggets,Pelicans,H,117,97,1464.7407,1477.392,38.15696,1,20
62021,2015,Pelicans,Nuggets,A,97,117,1498.9872,1486.3359,39.091953,0,-20
62022,2015,Jazz,Warriors,A,88,101,1404.3101,1401.8206,30.466665,0,-13
62022,2015,Warriors,Jazz,H,101,88,1636.6967,1639.1862,54.590492,1,13
62023,2015,Celtics,Grizzlies,A,100,117,1397.0322,1394.0309,29.707481,0,-17
62023,2015,Grizzlies,Celtics,H,117,100,1627.9167,1630.9181,53.813168,1,17
62024,2015,Timberwolves,Spurs,H,92,121,1477.2888,1464.2015,36.78373,0,-29
62024,2015,Spurs,Timberwolves,A,121,92,1695.7705,1708.8578,60.672123,1,29
62025,2015,Nets,Thunder,A,94,92,1489.5875,1496.9581,40.204895,1,2
62025,2015,Thunder,Nets,H,92,94,1522.0414,1514.6708,42.062534,0,-2
62026,2015,Suns,Sixers,A,122,96,1536.4041,1545.8931,45.321735,1,26
62026,2015,Sixers,Suns,H,96,122,1266.5353,1257.0463,18.02989,0,-26
62027,2015,Trailblazers,Bulls,H,105,87,1603.5675,1612.0642,52.002747,1,18
62027,2015,Bulls,Trailblazers,A,87,105,1564.5399,1556.0432,46.371502,0,-18
62028,2015,Bucks,Raptors,A,82,124,1379.8716,1373.1689,27.716326,0,-42
62028,2015,Raptors,Bucks,H,124,82,1583.1105,1589.8131,49.805603,1,42
62029,2015,Cavaliers,Wizards,A,78,91,1480.8811,1475.2365,37.932034,0,-13
62029,2015,Wizards,Cavaliers,H,91,78,1559.6354,1565.28,47.32066,1,13
62030,2015,Cavaliers,Raptors,H,93,110,1475.2365,1461.3649,36.489548,0,-17
62030,2015,Raptors,Cavaliers,A,110,93,1589.8131,1603.6847,51.18248,1,17
62031,2015,Mavericks,Rockets,A,92,95,1631.2954,1627.3088,53.47057,0,-3
62031,2015,Rockets,Mavericks,H,95,92,1615.8522,1619.8387,52.755413,1,3
62032,2015,Suns,Pacers,A,106,83,1545.8931,1567.1079,47.507702,1,23
62032,2015,Pacers,Suns,H,83,106,1491.7094,1470.4945,37.437881,0,-23
62033,2015,Bucks,Wizards,H,100,111,1373.1689,1365.5703,27.007484,0,-11
62033,2015,Wizards,Bucks,A,111,100,1565.28,1572.8787,48.096355,1,11
62034,2015,Timberwolves,Kings,H,101,113,1464.2015,1448.8665,35.199364,0,-12
62034,2015,Kings,Timberwolves,A,113,101,1482.2814,1497.6165,40.273926,1,12
62035,2015,Knicks,Sixers,H,91,83,1451.0079,1453.2938,35.655193,1,8
62035,2015,Sixers,Knicks,A,83,91,1257.0463,1254.7604,17.865911,0,-8
62036,2015,Magic,Heat,H,92,99,1387.8872,1381.105,28.466227,0,-7
62036,2015,Heat,Magic,A,99,92,1543.2795,1550.0618,45.753654,1,7
62037,2015,Spurs,Nets,H,99,87,1708.8578,1711.5101,60.885593,1,12
62037,2015,Nets,Spurs,A,87,99,1496.9581,1494.3058,39.926819,0,-12
62038,2015,Jazz,Pelicans,H,94,106,1401.8206,1389.5137,29.271,0,-12
62038,2015,Pelicans,Jazz,A,106,94,1486.3359,1498.6428,40.381557,1,12
62039,2015,Celtics,Trailblazers,H,88,94,1394.0309,1389.2775,29.248255,0,-6
62039,2015,Trailblazers,Celtics,A,94,88,1612.0642,1616.8176,52.463921,1,6
62040,2015,Nuggets,Lakers,A,101,94,1477.392,1486.8259,39.143242,1,7
62040,2015,Lakers,Nuggets,H,94,101,1409.6152,1400.1813,30.306234,0,-7
62041,2015,Clippers,Grizzlies,A,91,107,1621.8589,1612.859,52.08007,0,-16
62041,2015,Grizzlies,Clippers,H,107,91,1630.9181,1639.918,54.658779,1,16
62042,2015,Heat,Hornets,H,94,93,1550.0618,1551.8387,45.937447,1,1
62042,2015,Hornets,Heat,A,93,94,1461.8986,1460.1216,36.360756,0,-1
62043,2015,Thunder,Warriors,H,86,91,1514.6708,1508.255,41.389774,0,-5
62043,2015,Warriors,Thunder,A,91,86,1639.1862,1645.6019,55.186237,1,5
62044,2015,Hornets,Clippers,H,92,113,1460.1216,1446.3096,34.936775,0,-21
62044,2015,Clippers,Hornets,A,113,92,1612.859,1626.671,53.409824,1,21
62045,2015,Cavaliers,Magic,H,106,74,1461.3649,1471.8448,37.578499,1,32
62045,2015,Magic,Cavaliers,A,74,106,1381.105,1370.625,27.477993,0,-32
62046,2015,Pacers,Mavericks,A,111,100,1470.4945,1493.0653,39.796799,1,11
62046,2015,Mavericks,Pacers,H,100,111,1627.3088,1604.738,51.286087,0,-11
62047,2015,Rockets,Knicks,H,91,86,1619.8387,1621.8962,52.953194,1,5
62047,2015,Knicks,Rockets,A,86,91,1453.2938,1451.2363,35.443184,0,-5
62048,2015,Sixers,Trailblazers,H,104,114,1254.7604,1251.6521,17.644669,0,-10
62048,2015,Trailblazers,Sixers,A,114,104,1616.8176,1619.9259,52.763802,1,10
62049,2015,Raptors,Suns,H,104,100,1603.6847,1607.2537,51.532951,1,4
62049,2015,Suns,Raptors,A,100,104,1567.1079,1563.5389,47.142246,0,-4
62050,2015,Jazz,Bulls,H,95,97,1389.5137,1385.7938,28.913721,0,-2
62050,2015,Bulls,Jazz,A,97,95,1556.0432,1559.7631,46.754513,1,2
62051,2015,Nuggets,Bulls,H,114,109,1486.8259,1493.1787,39.808685,1,5
62051,2015,Bulls,Nuggets,A,109,114,1559.7631,1553.4103,46.099823,0,-5
62052,2015,Warriors,Heat,A,114,97,1645.6019,1660.587,56.551151,1,17
62052,2015,Heat,Warriors,H,97,114,1551.8387,1536.8536,44.381954,0,-17
62053,2015,Bucks,Pistons,H,98,86,1365.5703,1373.1659,27.716038,1,12
62053,2015,Pistons,Bucks,A,86,98,1360.8612,1353.2656,25.879601,0,-12
62054,2015,Pelicans,Kings,H,89,99,1498.6428,1484.1594,38.864201,0,-10
62054,2015,Kings,Pelicans,A,99,89,1497.6165,1512.0999,41.792995,1,10
62055,2015,Hawks,Wizards,A,106,102,1489.7063,1500.6975,40.59705,1,4
62055,2015,Wizards,Hawks,H,102,106,1572.8787,1561.8875,46.972794,0,-4
62056,2015,Hawks,Raptors,H,115,126,1500.6975,1489.9503,39.470417,0,-11
62056,2015,Raptors,Hawks,A,126,115,1607.2537,1618.0009,52.578236,1,11
62057,2015,Hornets,Trailblazers,H,97,105,1446.3096,1439.5253,34.242546,0,-8
62057,2015,Trailblazers,Hornets,A,105,97,1619.9259,1626.7102,53.413559,1,8
62058,2015,Wizards,Cavaliers,A,87,113,1561.8875,1542.886,45.009567,0,-26
62058,2015,Cavaliers,Wizards,H,113,87,1471.8448,1490.8463,39.564278,1,26
62059,2015,Mavericks,Knicks,H,109,102,1604.738,1607.376,51.544937,1,7
62059,2015,Knicks,Mavericks,A,102,109,1451.2363,1448.5984,35.171814,0,-7
62060,2015,Pistons,Clippers,H,98,104,1353.2656,1349.6083,25.549288,0,-6
62060,2015,Clippers,Pistons,A,104,98,1626.671,1630.3284,53.757324,1,6
62061,2015,Kings,Rockets,A,89,102,1512.0999,1507.2712,41.286587,0,-13
62061,2015,Rockets,Kings,H,102,89,1621.8962,1626.7249,53.414955,1,13
62062,2015,Grizzlies,Lakers,A,99,93,1639.918,1644.2175,55.05825,1,6
62062,2015,Lakers,Grizzlies,H,93,99,1400.1813,1395.8817,29.887131,0,-6
62063,2015,Bucks,Timberwolves,A,103,86,1373.1659,1398.1611,30.109015,1,17
62063,2015,Timberwolves,Bucks,H,86,103,1448.8665,1423.8712,32.656429,0,-17
62064,2015,Thunder,Jazz,H,97,82,1508.255,1513.2256,41.911026,1,15
62064,2015,Jazz,Thunder,A,82,97,1385.7938,1380.8232,28.439442,0,-15
62065,2015,Magic,Warriors,H,96,111,1370.625,1364.7589,26.932339,0,-15
62065,2015,Warriors,Magic,A,111,96,1660.587,1666.4531,57.074932,1,15
62066,2015,Sixers,Nets,H,91,99,1251.6521,1246.6727,17.294403,0,-8
62066,2015,Nets,Sixers,A,99,91,1494.3058,1499.2852,40.448921,1,8
62067,2015,Nuggets,Suns,A,112,120,1493.1787,1488.8198,39.352009,0,-8
62067,2015,Suns,Nuggets,H,120,112,1563.5389,1567.8978,47.588448,1,8
62068,2015,Pacers,Spurs,A,100,106,1493.0653,1491.366,39.618725,0,-6
62068,2015,Spurs,Pacers,H,106,100,1711.5101,1713.2095,61.021629,1,6
62069,2015,Hawks,Pelicans,H,100,91,1489.9503,1496.2734,40.133102,1,9
62069,2015,Pelicans,Hawks,A,91,100,1484.1594,1477.8363,38.20335,0,-9
62070,2015,Celtics,Bulls,H,102,109,1389.2775,1382.7358,28.621506,0,-7
62070,2015,Bulls,Celtics,A,109,102,1553.4103,1559.9519,46.77393,1,7
62071,2015,Warriors,Hornets,A,106,101,1666.4531,1670.6064,57.442081,1,5
62071,2015,Hornets,Warriors,H,101,106,1439.5253,1435.3719,33.819473,0,-5
62072,2015,Nuggets,Suns,H,122,97,1488.8198,1506.542,41.210098,1,25
62072,2015,Suns,Nuggets,A,97,122,1567.8978,1550.1757,45.765442,0,-25
62073,2015,Pistons,Bucks,H,88,104,1349.6083,1332.7909,24.060793,0,-16
62073,2015,Bucks,Pistons,A,104,88,1398.1611,1414.9785,31.766529,1,16
62074,2015,Clippers,Rockets,A,102,85,1630.3284,1650.4938,55.635967,1,17
62074,2015,Rockets,Clippers,H,85,102,1626.7249,1606.5594,51.464909,0,-17
62075,2015,Pacers,Magic,H,98,83,1491.366,1496.2307,40.128624,1,15
62075,2015,Magic,Pacers,A,83,98,1364.7589,1359.8942,26.48406,0,-15
62076,2015,Timberwolves,Lakers,A,120,119,1423.8712,1429.0366,33.177189,1,1
62076,2015,Lakers,Timberwolves,H,119,120,1395.8817,1390.7163,29.386929,0,-1
62077,2015,Thunder,Knicks,H,105,78,1513.2256,1523.2277,42.958858,1,27
62077,2015,Knicks,Thunder,A,78,105,1448.5984,1438.5963,34.147789,0,-27
62078,2015,Grizzlies,Trailblazers,A,112,99,1644.2175,1660.3936,56.533772,1,13
62078,2015,Trailblazers,Grizzlies,H,99,112,1626.7102,1610.5342,51.853653,0,-13
62079,2015,Kings,Spurs,A,104,112,1507.2712,1505.1318,41.06218,0,-8
62079,2015,Spurs,Kings,H,112,104,1713.2095,1715.3489,61.19207,1,8
62080,2015,Mavericks,Raptors,A,106,102,1607.376,1616.4519,52.428551,1,4
62080,2015,Raptors,Mavericks,H,102,106,1618.0009,1608.9249,51.69651,0,-4
62081,2015,Hawks,Hornets,H,105,75,1496.2734,1507.2645,41.285885,1,30
62081,2015,Hornets,Hawks,A,75,105,1435.3719,1424.3809,32.707687,0,-30
62082,2015,Cavaliers,Pacers,H,109,97,1490.8463,1498.7886,40.396843,1,12
62082,2015,Pacers,Cavaliers,A,97,109,1496.2307,1488.2885,39.296364,0,-12
62083,2015,Bucks,Rockets,H,103,117,1414.9785,1406.0824,30.885363,0,-14
62083,2015,Rockets,Bucks,A,117,103,1606.5594,1615.4556,52.332088,1,14
62084,2015,Mavericks,Sixers,A,110,103,1616.4519,1618.8689,52.661976,1,7
62084,2015,Sixers,Mavericks,H,103,110,1246.6727,1244.2557,17.126228,0,-7
62085,2015,Jazz,Clippers,H,96,112,1380.8232,1374.0511,27.799212,0,-16
62085,2015,Clippers,Jazz,A,112,96,1650.4938,1657.2659,56.251938,1,16
62086,2015,Pelicans,Wizards,A,80,83,1477.8363,1475.0819,37.915913,0,-3
62086,2015,Wizards,Pelicans,H,83,80,1542.886,1545.6404,45.295525,1,3
62087,2015,Celtics,Spurs,H,89,111,1382.7358,1376.6042,28.039761,0,-22
62087,2015,Spurs,Celtics,A,111,89,1715.3489,1721.4805,61.675472,1,22
62088,2015,Nets,Bulls,H,84,102,1499.2852,1481.7871,38.616112,0,-18
62088,2015,Bulls,Nets,A,102,84,1559.9519,1577.45,48.560539,1,18
62089,2015,Warriors,Pistons,A,104,93,1670.6064,1674.3585,57.771084,1,11
62089,2015,Pistons,Warriors,H,93,104,1332.7909,1329.0388,23.735699,0,-11
62090,2015,Raptors,Lakers,A,122,129,1608.9249,1596.5889,50.480984,0,-7
62090,2015,Lakers,Raptors,H,129,122,1390.7163,1403.0524,30.587444,1,7
62091,2015,Heat,Knicks,A,86,79,1536.8536,1545.3204,45.262329,1,7
62091,2015,Knicks,Heat,H,79,86,1438.5963,1430.1295,33.287712,0,-7
62092,2015,Suns,Magic,H,90,93,1550.1757,1537.9177,44.492786,0,-3
62092,2015,Magic,Suns,A,93,90,1359.8942,1372.1521,27.620939,1,3
62093,2015,Timberwolves,Trailblazers,A,93,107,1429.0366,1425.5693,32.827328,0,-14
62093,2015,Trailblazers,Timberwolves,H,107,93,1610.5342,1614.0015,52.191071,1,14
62094,2015,Grizzlies,Kings,A,97,85,1660.3936,1669.7794,57.369221,1,12
62094,2015,Kings,Grizzlies,H,85,97,1505.1318,1495.746,40.077801,0,-12
62095,2015,Clippers,Timberwolves,H,127,101,1657.2659,1661.2877,56.614033,1,26
62095,2015,Timberwolves,Clippers,A,101,127,1425.5693,1421.5475,32.423061,0,-26
62096,2015,Sixers,Spurs,H,103,109,1244.2557,1243.0399,17.042089,0,-6
62096,2015,Spurs,Sixers,A,109,103,1721.4805,1722.6963,61.770424,1,6
62097,2015,Jazz,Nuggets,H,101,103,1374.0511,1369.7809,27.399137,0,-2
62097,2015,Nuggets,Jazz,A,103,101,1506.542,1510.8123,41.657974,1,2
62098,2015,Wizards,Heat,H,107,86,1545.6404,1556.9208,46.461948,1,21
62098,2015,Heat,Wizards,A,86,107,1545.3204,1534.04,44.088657,0,-21
62099,2015,Celtics,Hawks,A,105,109,1376.6042,1374.3668,27.828899,0,-4
62099,2015,Hawks,Celtics,H,109,105,1507.2645,1509.502,41.520557,1,4
62100,2015,Mavericks,Bulls,A,132,129,1618.8689,1625.7141,53.318577,1,3
62100,2015,Bulls,Mavericks,H,129,132,1577.45,1570.6047,47.864746,0,-3
62101,2015,Bucks,Cavaliers,A,108,111,1406.0824,1403.6798,30.64904,0,-3
62101,2015,Cavaliers,Bucks,H,111,108,1498.7886,1501.1912,40.64883,1,3
62102,2015,Trailblazers,Nuggets,A,105,103,1614.0015,1618.7767,52.653091,1,2
62102,2015,Nuggets,Trailblazers,H,103,105,1510.8123,1506.037,41.157124,0,-2
62103,2015,Lakers,Pistons,A,106,96,1403.0524,1414.4414,31.713062,1,10
62103,2015,Pistons,Lakers,H,96,106,1329.0388,1317.6498,22.765047,0,-10
62104,2015,Magic,Warriors,A,97,98,1372.1521,1371.6025,27.569456,0,-1
62104,2015,Warriors,Magic,H,98,97,1674.3585,1674.9081,57.819057,1,1
62105,2015,Pelicans,Thunder,H,112,104,1475.0819,1482.5081,38.69149,1,8
62105,2015,Thunder,Pelicans,A,104,112,1523.2277,1515.8015,42.181053,0,-8
62106,2015,Knicks,Nets,H,93,98,1430.1295,1421.797,32.44809,0,-5
62106,2015,Nets,Knicks,A,98,93,1481.7871,1490.1196,39.488152,1,5
62107,2015,Pacers,Suns,A,99,116,1488.2885,1480.5165,38.483307,0,-17
62107,2015,Suns,Pacers,H,116,99,1537.9177,1545.6897,45.30064,1,17
62108,2015,Kings,Raptors,H,109,117,1495.746,1486.6948,39.129517,0,-8
62108,2015,Raptors,Kings,A,117,109,1596.5889,1605.64,51.374691,1,8
62109,2015,Celtics,Pistons,H,109,102,1374.3668,1378.6819,28.236246,1,7
62109,2015,Pistons,Celtics,A,102,109,1317.6498,1313.3347,22.403738,0,-7
62110,2015,Spurs,Nets,A,93,95,1722.6963,1715.3232,61.190033,0,-2
62110,2015,Nets,Spurs,H,95,93,1490.1196,1497.4927,40.260944,1,2
62111,2015,Hornets,Bulls,H,95,102,1424.3809,1417.3411,32.002098,0,-7
62111,2015,Bulls,Hornets,A,102,95,1570.6047,1577.6445,48.580254,1,7
62112,2015,Rockets,Grizzlies,H,105,96,1615.4556,1623.6188,53.118309,1,9
62112,2015,Grizzlies,Rockets,A,96,105,1669.7794,1661.6162,56.643482,0,-9
62113,2015,Clippers,Magic,H,114,86,1661.2877,1664.33,56.886055,1,28
62113,2015,Magic,Clippers,A,86,114,1371.6025,1368.5603,27.285311,0,-28
62114,2015,Hawks,Heat,A,112,102,1509.502,1524.991,43.143356,1,10
62114,2015,Heat,Hawks,H,102,112,1534.04,1518.551,42.469162,0,-10
62115,2015,Mavericks,Bucks,A,107,105,1625.7141,1628.6306,53.596264,1,2
62115,2015,Bucks,Mavericks,H,105,107,1403.6798,1400.7633,30.363155,0,-2
62116,2015,Timberwolves,Sixers,H,77,85,1421.5475,1402.0974,30.493793,0,-8
62116,2015,Sixers,Timberwolves,A,85,77,1243.0399,1262.49,18.424738,1,8
62117,2015,Jazz,Raptors,H,104,123,1369.7809,1360.8302,26.570013,0,-19
62117,2015,Raptors,Jazz,A,123,104,1605.64,1614.5907,52.248249,1,19
62118,2015,Wizards,Lakers,H,111,95,1556.9208,1561.5947,46.942734,1,16
62118,2015,Lakers,Wizards,A,95,111,1414.4414,1409.7675,31.249218,0,-16
62119,2015,Warriors,Pelicans,H,112,85,1674.9081,1680.053,58.26548,1,27
62119,2015,Pelicans,Warriors,A,85,112,1482.5081,1477.3632,38.153954,0,-27
62120,2015,Knicks,Cavaliers,H,87,90,1421.797,1415.776,31.845974,0,-3
62120,2015,Cavaliers,Knicks,A,90,87,1501.1912,1507.2122,41.280392,1,3
62121,2015,Trailblazers,Pacers,H,88,82,1618.7767,1621.4054,52.906063,1,6
62121,2015,Pacers,Trailblazers,A,82,88,1480.5165,1477.8878,38.208729,0,-6
62122,2015,Lakers,Celtics,A,96,113,1409.7675,1398.6033,30.152132,0,-17
62122,2015,Celtics,Lakers,H,113,96,1378.6819,1389.8461,29.30302,1,17
62123,2015,Hawks,Nets,A,98,75,1524.991,1548.1173,45.552319,1,23
62123,2015,Nets,Hawks,H,75,98,1497.4927,1474.3663,37.841286,0,-23
62124,2015,Knicks,Hornets,A,102,103,1415.776,1413.1005,31.579723,0,-1
62124,2015,Hornets,Knicks,H,103,102,1417.3411,1420.0166,32.26963,1,1
62125,2015,Suns,Mavericks,A,118,106,1545.6897,1565.9011,47.384243,1,12
62125,2015,Mavericks,Suns,H,106,118,1628.6306,1608.4192,51.647057,0,-12
62126,2015,Grizzlies,Spurs,H,101,107,1661.6162,1652.5225,55.821304,0,-6
62126,2015,Spurs,Grizzlies,A,107,101,1715.3232,1724.417,61.904297,1,6
62127,2015,Bucks,Heat,H,109,85,1400.7633,1420.6206,32.330135,1,24
62127,2015,Heat,Bucks,A,85,109,1518.551,1498.6937,40.386894,0,-24
62128,2015,Rockets,Timberwolves,A,114,112,1623.6188,1626.5421,53.397541,1,2
62128,2015,Timberwolves,Rockets,H,112,114,1402.0974,1399.1741,30.207836,0,-2
62129,2015,Thunder,Sixers,A,103,91,1515.8015,1521.8682,42.816555,1,12
62129,2015,Sixers,Thunder,H,91,103,1262.49,1256.4233,17.985098,0,-12
62130,2015,Pacers,Kings,A,101,102,1477.8878,1475.2974,37.938385,0,-1
62130,2015,Kings,Pacers,H,102,101,1486.6948,1489.2853,39.400757,1,1
62131,2015,Raptors,Cavaliers,H,91,105,1614.5907,1590.9238,49.916668,0,-14
62131,2015,Cavaliers,Raptors,A,105,91,1507.2122,1530.879,43.75877,1,14
62132,2015,Magic,Jazz,A,98,93,1368.5603,1378.1302,28.184013,1,5
62132,2015,Jazz,Magic,H,93,98,1360.8302,1351.2603,25.6982,0,-5
62133,2015,Wizards,Nuggets,H,119,89,1561.5947,1572.8723,48.095711,1,30
62133,2015,Nuggets,Wizards,A,89,119,1506.037,1494.7594,39.974369,0,-30
62134,2015,Warriors,Bulls,A,112,102,1680.053,1690.3387,59.143154,1,10
62134,2015,Bulls,Warriors,H,102,112,1577.6445,1567.3588,47.533348,0,-10
62135,2015,Pistons,Sixers,H,101,108,1313.3347,1299.6426,21.281256,0,-7
62135,2015,Sixers,Pistons,A,108,101,1256.4233,1270.1155,18.988092,1,7
62136,2015,Rockets,Suns,H,100,95,1626.5421,1630.0841,53.734177,1,5
62136,2015,Suns,Rockets,A,95,100,1565.9011,1562.3591,47.02121,0,-5
62137,2015,Pelicans,Clippers,A,100,120,1477.3632,1473.0775,37.706932,0,-20
62137,2015,Clippers,Pelicans,H,120,100,1664.33,1668.6156,57.266479,1,20
62138,2015,Kings,Magic,H,96,105,1489.2853,1471.2185,37.513264,0,-9
62138,2015,Magic,Kings,A,105,96,1378.1302,1396.197,29.917782,1,9
62139,2015,Spurs,Timberwolves,H,123,101,1724.417,1726.4968,62.065311,1,22
62139,2015,Timberwolves,Spurs,A,101,123,1399.1741,1397.0942,30.005074,0,-22
62140,2015,Hawks,Nuggets,H,96,84,1548.1173,1554.1826,46.179565,1,12
62140,2015,Nuggets,Hawks,A,84,96,1494.7594,1488.6941,39.338844,0,-12
62141,2015,Wizards,Celtics,A,93,101,1572.8723,1560.8662,46.867901,0,-8
62141,2015,Celtics,Wizards,H,101,93,1389.8461,1401.8522,30.469763,1,8
62142,2015,Bucks,Mavericks,A,102,125,1420.6206,1415.9148,31.85981,0,-23
62142,2015,Mavericks,Bucks,H,125,102,1608.4192,1613.125,52.10593,1,23
62143,2015,Pistons,Thunder,H,94,96,1299.6426,1296.7286,21.047142,0,-2
62143,2015,Thunder,Pistons,A,96,94,1521.8682,1524.7821,43.12151,1,2
62144,2015,Pelicans,Lakers,A,104,87,1473.0775,1489.127,39.384174,1,17
62144,2015,Lakers,Pelicans,H,87,104,1398.6033,1382.5538,28.604156,0,-17
62145,2015,Grizzlies,Heat,H,103,87,1652.5225,1656.9231,56.220947,1,16
62145,2015,Heat,Grizzlies,A,87,103,1498.6937,1494.2931,39.925488,0,-16
62146,2015,Knicks,Trailblazers,H,99,103,1413.1005,1409.0381,31.177071,0,-4
62146,2015,Trailblazers,Knicks,A,103,99,1621.4054,1625.4678,53.295067,1,4
62147,2015,Cavaliers,Nets,A,110,88,1530.879,1551.2793,45.879604,1,22
62147,2015,Nets,Cavaliers,H,88,110,1474.3663,1453.9661,35.724525,0,-22
62148,2015,Pacers,Hawks,H,92,108,1475.2974,1460.1293,36.361553,0,-16
62148,2015,Hawks,Pacers,A,108,92,1554.1826,1569.3507,47.736824,1,16
62149,2015,Suns,Clippers,A,120,121,1562.3591,1560.7372,46.854645,0,-1
62149,2015,Clippers,Suns,H,121,120,1668.6156,1670.2375,57.409595,1,1
62150,2015,Warriors,Timberwolves,A,102,86,1690.3387,1696.3641,59.647942,1,16
62150,2015,Timberwolves,Warriors,H,86,102,1397.0942,1391.0688,29.42095,0,-16
62151,2015,Kings,Jazz,H,101,92,1471.2185,1474.859,37.892666,1,9
62151,2015,Jazz,Kings,A,92,101,1351.2603,1347.6198,25.370667,0,-9
62152,2015,Nuggets,Raptors,A,107,112,1488.6941,1485.8118,39.03709,0,-5
62152,2015,Raptors,Nuggets,H,112,107,1590.9238,1593.8062,50.204247,1,5
62153,2015,Wizards,Celtics,H,133,132,1560.8662,1562.0968,46.994286,1,1
62153,2015,Celtics,Wizards,A,132,133,1401.8522,1400.6216,30.349291,0,-1
62154,2015,Cavaliers,Raptors,H,105,101,1551.2793,1556.3345,46.401527,1,4
62154,2015,Raptors,Cavaliers,A,101,105,1593.8062,1588.751,49.699265,0,-4
62155,2015,Pistons,Trailblazers,H,86,98,1296.7286,1292.5706,20.716003,0,-12
62155,2015,Trailblazers,Pistons,A,98,86,1625.4678,1629.6259,53.690731,1,12
62156,2015,Lakers,Kings,H,98,95,1382.5538,1387.9872,29.124147,1,3
62156,2015,Kings,Lakers,A,95,98,1474.859,1469.4257,37.326637,0,-3
62157,2015,Grizzlies,Mavericks,H,114,105,1656.9231,1662.2328,56.698711,1,9
62157,2015,Mavericks,Grizzlies,A,105,114,1613.125,1607.8153,51.587959,0,-9
62158,2015,Knicks,Pelicans,A,93,104,1409.0381,1403.9988,30.680372,0,-11
62158,2015,Pelicans,Knicks,H,104,93,1489.127,1494.1663,39.912193,1,11
62159,2015,Bucks,Thunder,A,101,114,1415.9148,1411.0632,31.377552,0,-13
62159,2015,Thunder,Bucks,H,114,101,1524.7821,1529.6337,43.6287,1,13
62160,2015,Heat,Suns,A,103,97,1494.2931,1507.1877,41.277832,1,6
62160,2015,Suns,Heat,H,97,103,1560.7372,1547.8425,45.523846,0,-6
62161,2015,Jazz,Spurs,H,100,96,1347.6198,1361.1781,26.601995,1,4
62161,2015,Spurs,Jazz,A,96,100,1726.4968,1712.9385,60.999973,0,-4
62162,2015,Hawks,Sixers,H,95,79,1569.3507,1571.2958,47.935181,1,16
62162,2015,Sixers,Hawks,A,79,95,1270.1155,1268.1704,18.84326,0,-16
62163,2015,Bulls,Nets,H,105,80,1567.3588,1574.776,48.289253,1,25
62163,2015,Nets,Bulls,A,80,105,1453.9661,1446.5488,34.961327,0,-25
62164,2015,Celtics,Hornets,A,87,96,1400.6216,1394.675,29.769953,0,-9
62164,2015,Hornets,Celtics,H,96,87,1420.0166,1425.9631,32.867001,1,9
62165,2015,Mavericks,Pelicans,H,112,107,1607.8153,1610.5343,51.853668,1,5
62165,2015,Pelicans,Mavericks,A,107,112,1494.1663,1491.4473,39.627243,0,-5
62166,2015,Heat,Nuggets,A,82,102,1507.1877,1495.2059,40.021183,0,-20
62166,2015,Nuggets,Heat,H,102,82,1485.8118,1497.7936,40.2925,1,20
62167,2015,Warriors,Rockets,H,105,93,1696.3641,1702.0629,60.118896,1,12
62167,2015,Rockets,Warriors,A,93,105,1630.0841,1624.3854,53.191654,0,-12
62168,2015,Pacers,Clippers,H,96,103,1460.1293,1454.769,35.807381,0,-7
62168,2015,Clippers,Pacers,A,103,96,1670.2375,1675.5978,57.879189,1,7
62169,2015,Timberwolves,Trailblazers,H,90,82,1391.0688,1405.1493,30.793495,1,8
62169,2015,Trailblazers,Timberwolves,A,82,90,1629.6259,1615.5454,52.340794,0,-8
62170,2015,Wizards,Magic,A,91,89,1562.0968,1565.8264,47.376598,1,2
62170,2015,Magic,Wizards,H,89,91,1396.197,1392.4674,29.556087,0,-2
62171,2015,Spurs,Knicks,H,109,95,1712.9385,1714.6198,61.134087,1,14
62171,2015,Knicks,Spurs,A,95,109,1403.9988,1402.3175,30.515368,0,-14
62172,2015,Thunder,Cavaliers,H,103,94,1529.6337,1536.9167,44.388527,1,9
62172,2015,Cavaliers,Thunder,A,94,103,1556.3345,1549.0514,45.649063,0,-9
62173,2015,Rockets,Kings,A,113,109,1624.3854,1629.493,53.678131,1,4
62173,2015,Kings,Rockets,H,109,113,1469.4257,1464.318,36.795818,0,-4
62174,2015,Hawks,Magic,H,87,81,1571.2958,1573.4109,48.150497,1,6
62174,2015,Magic,Hawks,A,81,87,1392.4674,1390.3523,29.351818,0,-6
62175,2015,Celtics,Knicks,H,95,101,1394.675,1384.1567,28.757114,0,-6
62175,2015,Knicks,Celtics,A,101,95,1402.3175,1412.8358,31.553432,1,6
62176,2015,Nets,Sixers,H,88,70,1446.5488,1450.7251,35.390553,1,18
62176,2015,Sixers,Nets,A,70,88,1268.1704,1263.9941,18.534914,0,-18
62177,2015,Trailblazers,Bulls,A,106,115,1615.5454,1607.8212,51.588531,0,-9
62177,2015,Bulls,Trailblazers,H,115,106,1574.776,1582.5002,49.071033,1,9
62178,2015,Grizzlies,Hornets,H,113,107,1662.2328,1663.7698,56.83609,1,6
62178,2015,Hornets,Grizzlies,A,107,113,1425.9631,1424.4261,32.712246,0,-6
62179,2015,Thunder,Timberwolves,A,111,92,1536.9167,1550.9272,45.843197,1,19
62179,2015,Timberwolves,Thunder,H,92,111,1405.1493,1391.1387,29.427691,0,-19
62180,2015,Pelicans,Cavaliers,H,119,114,1491.4473,1497.4274,40.254097,1,5
62180,2015,Cavaliers,Pelicans,A,114,119,1549.0514,1543.0713,45.028816,0,-5
62181,2015,Pistons,Suns,A,105,103,1292.5706,1304.525,21.677298,1,2
62181,2015,Suns,Pistons,H,103,105,1547.8425,1535.8881,44.281338,0,-2
62182,2015,Lakers,Spurs,A,112,110,1387.9872,1401.4991,30.435183,1,2
62182,2015,Spurs,Lakers,H,110,112,1714.6198,1701.1078,60.040409,0,-2
62183,2015,Raptors,Pacers,H,106,94,1588.751,1592.7966,50.10363,1,12
62183,2015,Pacers,Raptors,A,94,106,1454.769,1450.7234,35.390377,0,-12
62184,2015,Jazz,Heat,H,95,100,1361.1781,1354.9961,26.036686,0,-5
62184,2015,Heat,Jazz,A,100,95,1495.2059,1501.3879,40.669468,1,5
62185,2015,Clippers,Wizards,A,96,104,1675.5978,1666.1897,57.05154,0,-8
62185,2015,Wizards,Clippers,H,104,96,1565.8264,1575.2345,48.335815,1,8
62186,2015,Hornets,Nets,H,87,114,1424.4261,1398.3972,30.132034,0,-27
62186,2015,Nets,Hornets,A,114,87,1450.7251,1476.754,38.090374,1,27
62187,2015,Warriors,Mavericks,A,105,98,1702.0629,1710.7395,60.823715,1,7
62187,2015,Mavericks,Warriors,H,98,105,1610.5343,1601.8577,51.002445,0,-7
62188,2015,Rockets,Nuggets,H,108,96,1629.493,1633.5873,54.065266,1,12
62188,2015,Nuggets,Rockets,A,96,108,1497.7936,1493.6993,39.863255,0,-12
62189,2015,Pacers,Trailblazers,H,85,95,1450.7234,1442.4156,34.537853,0,-10
62189,2015,Trailblazers,Pacers,A,95,85,1607.8212,1616.1289,52.397293,1,10
62190,2015,Bucks,Clippers,H,111,106,1411.0632,1422.4642,32.51506,1,5
62190,2015,Clippers,Bucks,A,106,111,1666.1897,1654.7887,56.027523,0,-5
62191,2015,Hawks,Magic,A,99,100,1573.4109,1568.0656,47.605583,0,-1
62191,2015,Magic,Hawks,H,100,99,1390.3523,1395.6976,29.869242,1,1
62192,2015,Sixers,Grizzlies,H,115,120,1263.9941,1262.2783,18.409271,0,-5
62192,2015,Grizzlies,Sixers,A,120,115,1663.7698,1665.4856,56.98896,1,5
62193,2015,Kings,Pistons,H,90,95,1464.318,1449.8037,35.295746,0,-5
62193,2015,Pistons,Kings,A,95,90,1304.525,1319.0393,22.882154,1,5
62194,2015,Nuggets,Spurs,H,91,99,1493.6993,1487.8439,39.249813,0,-8
62194,2015,Spurs,Nuggets,A,99,91,1701.1078,1706.9633,60.518791,1,8
62195,2015,Heat,Bulls,H,75,93,1501.3879,1485.0839,38.960918,0,-18
62195,2015,Bulls,Heat,A,93,75,1582.5002,1598.8043,50.700657,1,18
62196,2015,Timberwolves,Lakers,H,94,100,1391.1387,1380.7058,28.42828,0,-6
62196,2015,Lakers,Timberwolves,A,100,94,1401.4991,1411.932,31.463709,1,6
62197,2015,Pelicans,Warriors,H,122,128,1497.4274,1492.571,39.744999,0,-6
62197,2015,Warriors,Pelicans,A,128,122,1710.7395,1715.5958,61.211685,1,6
62198,2015,Raptors,Knicks,A,95,90,1592.7966,1597.9149,50.612537,1,5
62198,2015,Knicks,Raptors,H,90,95,1412.8358,1407.7175,31.046608,0,-5
62199,2015,Thunder,Suns,H,112,88,1550.9272,1562.5314,47.038887,1,24
62199,2015,Suns,Thunder,A,88,112,1535.8881,1524.2839,43.069389,0,-24
62200,2015,Wizards,Jazz,H,93,84,1575.2345,1577.3522,48.550629,1,9
62200,2015,Jazz,Wizards,A,84,93,1354.9961,1352.8784,25.844521,0,-9
62201,2015,Hawks,Bulls,H,93,86,1568.0656,1574.4684,48.257999,1,7
62201,2015,Bulls,Hawks,A,86,93,1598.8043,1592.4015,50.064217,0,-7
62202,2015,Hornets,Cavaliers,A,88,97,1398.3972,1395.1984,29.820747,0,-9
62202,2015,Cavaliers,Hornets,H,97,88,1543.0713,1546.2701,45.360847,1,9
62203,2015,Lakers,Pacers,A,91,110,1411.932,1402.7546,30.558235,0,-19
62203,2015,Pacers,Lakers,H,110,91,1442.4156,1451.593,35.479916,1,19
62204,2015,Pistons,Clippers,A,91,113,1319.0393,1317.0846,22.717518,0,-22
62204,2015,Clippers,Pistons,H,113,91,1654.7887,1656.7434,56.204693,1,22
62205,2015,Sixers,Celtics,H,87,105,1262.2783,1248.2511,17.404877,0,-18
62205,2015,Celtics,Sixers,A,105,87,1384.1567,1398.184,30.111238,1,18
62206,2015,Bucks,Suns,A,96,94,1422.4642,1431.2418,33.400322,1,2
62206,2015,Suns,Bucks,H,94,96,1524.2839,1515.5063,42.150116,0,-2
62207,2015,Spurs,Trailblazers,A,95,108,1706.9633,1695.1205,59.544327,0,-13
62207,2015,Trailblazers,Spurs,H,108,95,1616.1289,1627.9717,53.533634,1,13
62208,2015,Magic,Raptors,A,82,95,1395.6976,1392.7502,29.58345,0,-13
62208,2015,Raptors,Magic,H,95,82,1597.9149,1600.8623,50.90419,1,13
62209,2015,Heat,Nets,A,95,91,1485.0839,1493.6688,39.860054,1,4
62209,2015,Nets,Heat,H,91,95,1476.754,1468.1691,37.195923,0,-4
62210,2015,Warriors,Grizzlies,A,98,105,1715.5958,1708.6597,60.656124,0,-7
62210,2015,Grizzlies,Warriors,H,105,98,1665.4856,1672.4218,57.601578,1,7
62211,2015,Pelicans,Jazz,H,119,111,1492.571,1495.6343,40.06609,1,8
62211,2015,Jazz,Pelicans,A,111,119,1352.8784,1349.8152,25.567913,0,-8
62212,2015,Knicks,Mavericks,H,87,107,1407.7175,1396.5139,29.948601,0,-20
62212,2015,Mavericks,Knicks,A,107,87,1601.8577,1613.0613,52.099735,1,20
62213,2015,Kings,Thunder,H,92,104,1449.8037,1438.7065,34.159027,0,-12
62213,2015,Thunder,Kings,A,104,92,1562.5314,1573.6285,48.172634,1,12
62214,2015,Timberwolves,Wizards,A,95,109,1380.7058,1377.5153,28.125835,0,-14
62214,2015,Wizards,Timberwolves,H,109,95,1577.3522,1580.5427,48.873463,1,14
62215,2015,Celtics,Magic,H,109,92,1398.184,1407.7142,31.046282,1,17
62215,2015,Magic,Celtics,A,92,109,1392.7502,1383.22,28.667677,0,-17
62216,2015,Suns,Hornets,A,111,106,1515.5063,1522.0269,42.833168,1,5
62216,2015,Hornets,Suns,H,106,111,1395.1984,1388.6779,29.190552,0,-5
62217,2015,Cavaliers,Hawks,H,98,127,1546.2701,1519.0247,42.51878,0,-29
62217,2015,Hawks,Cavaliers,A,127,98,1574.4684,1601.7139,50.988258,1,29
62218,2015,Nuggets,Rockets,H,111,115,1487.8439,1482.5414,38.694973,0,-4
62218,2015,Rockets,Nuggets,A,115,111,1633.5873,1638.8898,54.562813,1,4
62219,2015,Pistons,Mavericks,H,106,117,1317.0846,1312.4297,22.328413,0,-11
62219,2015,Mavericks,Pistons,A,117,106,1613.0613,1617.7162,52.550751,1,11
62220,2015,Pacers,Clippers,A,100,102,1451.593,1450.4495,35.362186,0,-2
62220,2015,Clippers,Pacers,H,102,100,1656.7434,1657.887,56.308037,1,2
62221,2015,Jazz,Heat,A,105,87,1349.8152,1380.1952,28.379774,1,18
62221,2015,Heat,Jazz,H,87,105,1493.6688,1463.2888,36.689026,0,-18
62222,2015,Bucks,Trailblazers,A,97,104,1431.2418,1429.1559,33.189243,0,-7
62222,2015,Trailblazers,Bucks,H,104,97,1627.9717,1630.0576,53.731667,1,7
62223,2015,Grizzlies,Spurs,A,117,116,1672.4218,1678.4237,58.124638,1,1
62223,2015,Spurs,Grizzlies,H,116,117,1695.1205,1689.1185,59.040081,0,-1
62224,2015,Raptors,Nets,H,105,89,1600.8623,1605.7832,51.388748,1,16
62224,2015,Nets,Raptors,A,89,105,1468.1691,1463.2482,36.684811,0,-16
62225,2015,Knicks,Bulls,A,97,103,1396.5139,1394.5876,29.761475,0,-6
62225,2015,Bulls,Knicks,H,103,97,1592.4015,1594.3278,50.256187,1,6
62226,2015,Warriors,Thunder,H,114,109,1708.6597,1711.0929,60.852108,1,5
62226,2015,Thunder,Warriors,A,109,114,1573.6285,1571.1953,47.924942,0,-5
62227,2015,Pelicans,Rockets,A,99,90,1495.6343,1515.0254,42.099705,1,9
62227,2015,Rockets,Pelicans,H,90,99,1638.8898,1619.4987,52.722664,0,-9
62228,2015,Bucks,Kings,A,108,107,1429.1559,1434.9385,33.775406,1,1
62228,2015,Kings,Bucks,H,107,108,1438.7065,1432.924,33.570843,0,-1
62229,2015,Timberwolves,Celtics,A,98,114,1377.5153,1369.3428,27.358253,0,-16
62229,2015,Celtics,Timberwolves,H,114,98,1407.7142,1415.8867,31.85701,1,16
62230,2015,Nets,Cavaliers,A,91,95,1463.2482,1459.9896,36.347092,0,-4
62230,2015,Cavaliers,Nets,H,95,91,1519.0247,1522.2832,42.860004,1,4
62231,2015,Nuggets,Clippers,H,109,106,1482.5414,1489.7609,39.450573,1,3
62231,2015,Clippers,Nuggets,A,106,109,1657.887,1650.6675,55.651863,0,-3
62232,2015,Raptors,Pistons,A,110,100,1605.7832,1610.2284,51.823822,1,10
62232,2015,Pistons,Raptors,H,100,110,1312.4297,1307.9845,21.960756,0,-10
62233,2015,Thunder,Lakers,A,104,103,1571.1953,1574.2821,48.239071,1,1
62233,2015,Lakers,Thunder,H,103,104,1402.7546,1399.6678,30.25606,0,-1
62234,2015,Bulls,Grizzlies,A,103,97,1594.3278,1607.7968,51.586143,1,6
62234,2015,Grizzlies,Bulls,H,97,103,1678.4237,1664.9547,56.941715,0,-6
62235,2015,Wizards,Heat,A,105,103,1580.5427,1585.0723,49.330032,1,2
62235,2015,Heat,Wizards,H,103,105,1463.2888,1458.7593,36.219742,0,-2
62236,2015,Magic,Jazz,H,94,101,1383.22,1371.4098,27.551409,0,-7
62236,2015,Jazz,Magic,A,101,94,1380.1952,1392.0054,29.511414,1,7
62237,2015,Hornets,Sixers,A,109,91,1388.6779,1401.7223,30.457037,1,18
62237,2015,Sixers,Hornets,H,91,109,1248.2511,1235.2067,16.507313,0,-18
62238,2015,Trailblazers,Spurs,A,129,119,1630.0576,1647.0409,55.318939,1,10
62238,2015,Spurs,Trailblazers,H,119,129,1689.1185,1672.1353,57.576447,0,-10
62239,2015,Hornets,Jazz,H,104,86,1401.7223,1411.4436,31.415262,1,18
62239,2015,Jazz,Hornets,A,86,104,1392.0054,1382.2841,28.578451,0,-18
62240,2015,Mavericks,Spurs,H,99,93,1617.7162,1624.2036,53.174271,1,6
62240,2015,Spurs,Mavericks,A,93,99,1672.1353,1665.6478,57.003387,0,-6
62241,2015,Nuggets,Pacers,H,76,73,1489.7609,1492.8756,39.77692,1,3
62241,2015,Pacers,Nuggets,A,73,76,1450.4495,1447.3347,35.041996,0,-3
62242,2015,Hawks,Rockets,A,104,97,1601.7139,1614.0352,52.19434,1,7
62242,2015,Rockets,Hawks,H,97,104,1619.4987,1607.1774,51.525478,0,-7
62243,2015,Bucks,Clippers,A,102,106,1434.9385,1433.5273,33.632072,0,-4
62243,2015,Clippers,Bucks,H,106,102,1650.6675,1652.0786,55.780815,1,4
62244,2015,Trailblazers,Pelicans,A,114,88,1647.0409,1664.4996,56.90118,1,26
62244,2015,Pelicans,Trailblazers,H,88,114,1515.0254,1497.5667,40.268703,0,-26
62245,2015,Suns,Knicks,A,99,90,1522.0269,1530.8009,43.75061,1,9
62245,2015,Knicks,Suns,H,90,99,1394.5876,1385.8136,28.915615,0,-9
62246,2015,Nets,Pistons,H,110,105,1459.9896,1462.214,36.57756,1,5
62246,2015,Pistons,Nets,A,105,110,1307.9845,1305.7601,21.778229,0,-5
62247,2015,Cavaliers,Grizzlies,H,105,91,1522.2832,1537.2268,44.420826,1,14
62247,2015,Grizzlies,Cavaliers,A,91,105,1664.9547,1650.0111,55.59177,0,-14
62248,2015,Heat,Celtics,H,100,84,1458.7593,1466.4615,37.018425,1,16
62248,2015,Celtics,Heat,A,84,100,1415.8867,1408.1844,31.092712,0,-16
62249,2015,Pacers,Timberwolves,A,100,96,1447.3347,1454.1797,35.746563,1,4
62249,2015,Timberwolves,Pacers,H,96,100,1369.3428,1362.4978,26.723497,0,-4
62250,2015,Thunder,Pelicans,H,99,101,1574.2821,1566.0161,47.396011,0,-2
62250,2015,Pelicans,Thunder,A,101,99,1497.5667,1505.8326,41.135689,1,2
62251,2015,Sixers,Magic,A,96,88,1235.2067,1253.0221,17.741938,1,8
62251,2015,Magic,Sixers,H,88,96,1371.4098,1353.5944,25.909403,0,-8
62252,2015,Kings,Lakers,H,108,101,1432.924,1437.7455,34.061066,1,7
62252,2015,Lakers,Kings,A,101,108,1399.6678,1394.8463,29.786573,0,-7
62253,2015,Knicks,Raptors,A,108,118,1385.8136,1383.6083,28.704735,0,-10
62253,2015,Raptors,Knicks,H,118,108,1610.2284,1612.4337,52.038704,1,10
62254,2015,Suns,Wizards,A,104,92,1530.8009,1549.6106,45.706959,1,12
62254,2015,Wizards,Suns,H,92,104,1585.0723,1566.2626,47.421234,0,-12
62255,2015,Raptors,Bulls,A,120,129,1612.4337,1605.8116,51.391541,0,-9
62255,2015,Bulls,Raptors,H,129,120,1607.7968,1614.4188,52.231575,1,9
62256,2015,Nuggets,Hornets,A,82,110,1492.8756,1473.476,37.748459,0,-28
62256,2015,Hornets,Nuggets,H,110,82,1411.4436,1430.8433,33.359959,1,28
62257,2015,Hawks,Mavericks,A,105,102,1614.0352,1622.0476,52.96772,1,3
62257,2015,Mavericks,Hawks,H,102,105,1624.2036,1616.1912,52.40332,0,-3
62258,2015,Warriors,Kings,H,128,108,1711.0929,1713.7267,61.062916,1,20
62258,2015,Kings,Warriors,A,108,128,1437.7455,1435.1117,33.793015,0,-20
62259,2015,Trailblazers,Rockets,A,95,110,1664.4996,1653.0719,55.871384,0,-15
62259,2015,Rockets,Trailblazers,H,110,95,1607.1774,1618.6051,52.636539,1,15
62260,2015,Jazz,Grizzlies,A,97,91,1382.2841,1401.8406,30.468626,1,6
62260,2015,Grizzlies,Jazz,H,91,97,1650.0111,1630.4546,53.769279,0,-6
62261,2015,Spurs,Clippers,H,125,118,1665.6478,1670.925,57.470119,1,7
62261,2015,Clippers,Spurs,A,118,125,1652.0786,1646.8014,55.296875,0,-7
62262,2015,Clippers,Hawks,A,104,107,1646.8014,1642.6527,54.913208,0,-3
62262,2015,Hawks,Clippers,H,107,104,1622.0476,1626.1963,53.364574,1,3
62263,2015,Nuggets,Nets,A,96,102,1473.476,1468.0608,37.184662,0,-6
62263,2015,Nets,Nuggets,H,102,96,1462.214,1467.6292,37.139782,1,6
62264,2015,Cavaliers,Timberwolves,H,125,104,1537.2268,1541.967,44.914074,1,21
62264,2015,Timberwolves,Cavaliers,A,104,125,1362.4978,1357.7576,26.288416,0,-21
62265,2015,Pelicans,Pacers,A,84,96,1505.8326,1496.1787,40.123169,0,-12
62265,2015,Pacers,Pelicans,H,96,84,1454.1797,1463.8336,36.745548,1,12
62266,2015,Lakers,Warriors,H,115,105,1394.8463,1414.4471,31.713633,1,10
62266,2015,Warriors,Lakers,A,105,115,1713.7267,1694.1259,59.461243,0,-10
62267,2015,Sixers,Heat,A,91,87,1253.0221,1267.5181,18.794859,1,4
62267,2015,Heat,Sixers,H,87,91,1466.4615,1451.9656,35.518295,0,-4
62268,2015,Bucks,Hornets,H,101,108,1433.5273,1421.729,32.441269,0,-7
62268,2015,Hornets,Bucks,A,108,101,1430.8433,1442.6416,34.560966,1,7
62269,2015,Thunder,Trailblazers,H,111,115,1566.0161,1559.3876,46.715897,0,-4
62269,2015,Trailblazers,Thunder,A,115,111,1653.0719,1659.7004,56.471462,1,4
62270,2015,Celtics,Magic,A,95,100,1408.1844,1402.2762,30.511322,0,-5
62270,2015,Magic,Celtics,H,100,95,1353.5944,1359.5026,26.448145,1,5
62271,2015,Suns,Mavericks,H,124,115,1549.6106,1558.1819,46.591827,1,9
62271,2015,Mavericks,Suns,A,115,124,1616.1912,1607.6199,51.568825,0,-9
62272,2015,Bulls,Wizards,A,99,91,1614.4188,1625.2941,53.278481,1,8
62272,2015,Wizards,Bulls,H,91,99,1566.2626,1555.3873,46.303871,0,-8
62273,2015,Bulls,Lakers,H,113,93,1625.2941,1629.0498,53.63607,1,20
62273,2015,Lakers,Bulls,A,93,113,1414.4471,1410.6914,31.340706,0,-20
62274,2015,Warriors,Clippers,A,86,100,1694.1259,1683.4629,58.558651,0,-14
62274,2015,Clippers,Warriors,H,100,86,1642.6527,1653.3157,55.893585,1,14
62275,2015,Heat,Cavaliers,H,101,91,1451.9656,1461.9646,36.551708,1,10
62275,2015,Cavaliers,Heat,A,91,101,1541.967,1531.968,43.872463,0,-10
62276,2015,Knicks,Wizards,H,91,102,1383.6083,1375.3162,27.918274,0,-11
62276,2015,Wizards,Knicks,A,102,91,1555.3873,1563.6794,47.156651,1,11
62277,2015,Thunder,Spurs,A,114,106,1559.3876,1576.2542,48.439301,1,8
62277,2015,Spurs,Thunder,H,106,114,1670.925,1654.0585,55.96117,0,-8
62278,2015,Bucks,Hawks,A,107,77,1421.729,1471.0009,37.490601,1,30
62278,2015,Hawks,Bucks,H,77,107,1626.1963,1576.9244,48.507275,0,-30
62279,2015,Nets,Celtics,A,109,107,1467.6292,1473.0927,37.708511,1,2
62279,2015,Celtics,Nets,H,107,109,1402.2762,1396.8127,29.977674,0,-2
62280,2015,Lakers,Mavericks,A,98,102,1410.6914,1409.125,31.185665,0,-4
62280,2015,Mavericks,Lakers,H,102,98,1607.6199,1609.1863,51.722054,1,4
62281,2015,Timberwolves,Nuggets,A,102,106,1357.7576,1355.2717,26.061754,0,-4
62281,2015,Nuggets,Timberwolves,H,106,102,1468.0608,1470.5466,37.443306,1,4
62282,2015,Pacers,Pistons,A,109,119,1463.8336,1451.1482,35.434109,0,-10
62282,2015,Pistons,Pacers,H,119,109,1305.7601,1318.4456,22.832069,1,10
62283,2015,Grizzlies,Rockets,H,111,117,1630.4546,1619.3186,52.705318,0,-6
62283,2015,Rockets,Grizzlies,A,117,111,1618.6051,1629.7411,53.70166,1,6
62284,2015,Pelicans,Spurs,H,97,90,1496.1787,1506.4561,41.201084,1,7
62284,2015,Spurs,Pelicans,A,90,97,1654.0585,1643.7811,55.017841,0,-7
62285,2015,Thunder,Hornets,H,98,75,1576.2542,1582.5482,49.075871,1,23
62285,2015,Hornets,Thunder,A,75,98,1442.6416,1436.3475,33.918713,0,-23
62286,2015,Cavaliers,Magic,A,98,89,1531.968,1539.2769,44.634277,1,9
62286,2015,Magic,Cavaliers,H,89,98,1359.5026,1352.1937,25.782553,0,-9
62287,2015,Sixers,Trailblazers,A,93,114,1267.5181,1266.167,18.694895,0,-21
62287,2015,Trailblazers,Sixers,H,114,93,1659.7004,1661.0515,56.592842,1,21
62288,2015,Suns,Kings,A,115,106,1558.1819,1567.1056,47.507465,1,9
62288,2015,Kings,Suns,H,106,115,1435.1117,1426.188,32.889664,0,-9
62289,2015,Pacers,Nets,A,110,85,1451.1482,1479.5573,38.383083,1,25
62289,2015,Nets,Pacers,H,85,110,1473.0927,1444.6836,34.77005,0,-25
62290,2015,Bulls,Pelicans,H,107,100,1629.0498,1632.1536,53.929989,1,7
62290,2015,Pelicans,Bulls,A,100,107,1506.4561,1503.3523,40.875515,0,-7
62291,2015,Hornets,Magic,H,94,102,1436.3475,1420.5309,32.321144,0,-8
62291,2015,Magic,Hornets,A,102,94,1352.1937,1368.0104,27.234104,1,8
62292,2015,Timberwolves,Warriors,A,97,110,1355.2717,1353.8414,25.931812,0,-13
62292,2015,Warriors,Timberwolves,H,110,97,1683.4629,1684.8932,58.680977,1,13
62293,2015,Raptors,Clippers,A,110,98,1605.8116,1624.2919,53.182713,1,12
62293,2015,Clippers,Raptors,H,98,110,1653.3157,1634.8354,54.182777,0,-12
62294,2015,Heat,Grizzlies,H,95,103,1461.9646,1454.7037,35.80064,0,-8
62294,2015,Grizzlies,Heat,A,103,95,1619.3186,1626.5795,53.4011,1,8
62295,2015,Bucks,Hawks,H,85,90,1471.0009,1464.1161,36.774864,0,-5
62295,2015,Hawks,Bucks,A,90,85,1576.9244,1583.8092,49.202927,1,5
62296,2015,Kings,Knicks,H,135,129,1426.188,1430.2668,33.301609,1,6
62296,2015,Knicks,Kings,A,129,135,1375.3162,1371.2373,27.535265,0,-6
62297,2015,Sixers,Jazz,A,71,88,1266.167,1261.1195,18.324759,0,-17
62297,2015,Jazz,Sixers,H,88,71,1401.8406,1406.8881,30.964769,1,17
62298,2015,Wizards,Celtics,H,101,88,1563.6794,1567.2556,47.522804,1,13
62298,2015,Celtics,Wizards,A,88,101,1396.8127,1393.2366,29.630526,0,-13
62299,2015,Pistons,Cavaliers,A,103,80,1318.4456,1360.4364,26.533834,1,23
62299,2015,Cavaliers,Pistons,H,80,103,1539.2769,1497.286,40.239273,0,-23
62300,2015,Mavericks,Thunder,H,112,107,1609.1863,1613.3451,52.127319,1,5
62300,2015,Thunder,Mavericks,A,107,112,1582.5482,1578.3894,48.655689,0,-5
62301,2015,Raptors,Nuggets,A,116,102,1624.2919,1634.7308,54.172939,1,14
62301,2015,Nuggets,Raptors,H,102,116,1470.5466,1460.1077,36.359318,0,-14
62302,2015,Suns,Lakers,A,116,107,1567.1056,1574.8698,48.298775,1,9
62302,2015,Lakers,Suns,H,107,116,1409.125,1401.3608,30.421638,0,-9
62303,2015,Knicks,Trailblazers,A,79,101,1371.2373,1368.678,27.296274,0,-22
62303,2015,Trailblazers,Knicks,H,101,79,1661.0515,1663.6108,56.821903,1,22
62304,2015,Rockets,Spurs,A,106,110,1629.7411,1625.7823,53.325089,0,-4
62304,2015,Spurs,Rockets,H,110,106,1643.7811,1647.7399,55.383274,1,4
62305,2015,Nets,Kings,H,107,99,1444.6836,1450.3572,35.352688,1,8
62305,2015,Kings,Nets,A,99,107,1430.2668,1424.5933,32.729057,0,-8
62306,2015,Bucks,Hornets,A,104,94,1464.1161,1476.7334,38.088219,1,10
62306,2015,Hornets,Bucks,H,94,104,1420.5309,1407.9136,31.065962,0,-10
62307,2015,Rockets,Wizards,H,103,104,1625.7823,1619.1766,52.691639,0,-1
62307,2015,Wizards,Rockets,A,104,103,1567.2556,1573.8613,48.196301,1,1
62308,2015,Bulls,Pacers,A,92,90,1632.1536,1636.0938,54.300999,1,2
62308,2015,Pacers,Bulls,H,90,92,1479.5573,1475.6171,37.971737,0,-2
62309,2015,Clippers,Jazz,H,101,97,1634.8354,1636.153,54.306557,1,4
62309,2015,Jazz,Clippers,A,97,101,1406.8881,1405.5706,30.834957,0,-4
62310,2015,Magic,Heat,A,102,101,1368.0104,1375.0948,27.897425,1,1
62310,2015,Heat,Magic,H,101,102,1454.7037,1447.6193,35.071217,0,-1
62311,2015,Cavaliers,Hawks,A,101,109,1497.286,1493.2616,39.817371,0,-8
62311,2015,Hawks,Cavaliers,H,109,101,1583.8092,1587.8336,49.607327,1,8
62312,2015,Nets,Bulls,A,96,82,1450.3572,1478.3074,38.252537,1,14
62312,2015,Bulls,Nets,H,82,96,1636.0938,1608.1436,51.620087,0,-14
62313,2015,Wizards,Mavericks,A,87,114,1573.8613,1562.5831,47.044197,0,-27
62313,2015,Mavericks,Wizards,H,114,87,1613.3451,1624.6233,53.214397,1,27
62314,2015,Nuggets,Lakers,H,103,111,1460.1077,1445.2609,34.82922,0,-8
62314,2015,Lakers,Nuggets,A,111,103,1401.3608,1416.2076,31.889006,1,8
62315,2015,Warriors,Sixers,H,126,86,1684.8932,1686.6736,58.832703,1,40
62315,2015,Sixers,Warriors,A,86,126,1261.1195,1259.3391,18.195452,0,-40
62316,2015,Spurs,Grizzlies,A,87,95,1647.7399,1641.1046,54.769325,0,-8
62316,2015,Grizzlies,Spurs,H,95,87,1626.5795,1633.2147,54.030144,1,8
62317,2015,Suns,Pelicans,A,106,110,1574.8698,1569.192,47.720627,0,-4
62317,2015,Pelicans,Suns,H,110,106,1503.3523,1509.03,41.471062,1,4
62318,2015,Magic,Pistons,H,86,109,1375.0948,1348.8652,25.482462,0,-23
62318,2015,Pistons,Magic,A,109,86,1360.4364,1386.666,28.997314,1,23
62319,2015,Trailblazers,Raptors,H,102,97,1663.6108,1667.7268,57.187851,1,5
62319,2015,Raptors,Trailblazers,A,97,102,1634.7308,1630.6149,53.784462,0,-5
62320,2015,Timberwolves,Jazz,A,94,100,1353.8414,1349.7793,25.564682,0,-6
62320,2015,Jazz,Timberwolves,H,100,94,1405.5706,1409.6327,31.235884,1,6
62321,2015,Kings,Celtics,A,84,106,1424.5933,1411.2319,31.394276,0,-22
62321,2015,Celtics,Kings,H,106,84,1393.2366,1406.5979,30.936161,1,22
62322,2015,Bucks,Cavaliers,A,96,80,1476.7334,1497.2506,40.235561,1,16
62322,2015,Cavaliers,Bucks,H,80,96,1493.2616,1472.7444,37.672218,0,-16
62323,2015,Hornets,Rockets,A,83,102,1407.9136,1404.2975,30.709726,0,-19
62323,2015,Rockets,Hornets,H,102,83,1619.1766,1622.7927,53.039177,1,19
62324,2015,Pacers,Heat,H,106,95,1475.6171,1482.0836,38.647114,1,11
62324,2015,Heat,Pacers,A,95,106,1447.6193,1441.1527,34.408733,0,-11
62325,2015,Clippers,Knicks,H,99,78,1636.153,1638.9718,54.570473,1,21
62325,2015,Knicks,Clippers,A,78,99,1368.678,1365.8591,27.034258,0,-21
62326,2015,Suns,Thunder,A,134,137,1569.192,1565.6154,47.354992,0,-3
62326,2015,Thunder,Suns,H,137,134,1578.3894,1581.9661,49.017155,1,3
62327,2015,Pelicans,Spurs,A,93,95,1509.03,1507.3333,41.293095,0,-2
62327,2015,Spurs,Pelicans,H,95,93,1641.1046,1642.8014,54.927006,1,2
62328,2015,Bulls,Nuggets,H,106,101,1608.1436,1610.2421,51.825153,1,5
62328,2015,Nuggets,Bulls,A,101,106,1445.2609,1443.1624,34.614258,0,-5
62329,2015,Kings,Timberwolves,A,110,107,1411.2319,1417.6378,32.031731,1,3
62329,2015,Timberwolves,Kings,H,107,110,1349.7793,1343.3734,24.991556,0,-3
62330,2015,Celtics,Mavericks,H,101,119,1406.5979,1397.2351,30.018789,0,-18
62330,2015,Mavericks,Celtics,A,119,101,1624.6233,1633.9861,54.10284,1,18
62331,2015,Cavaliers,Hornets,A,91,87,1472.7444,1479.8202,38.410553,1,4
62331,2015,Hornets,Cavaliers,H,87,91,1404.2975,1397.2217,30.017481,0,-4
62332,2015,Raptors,Warriors,A,105,126,1630.6149,1621.8947,52.953041,0,-21
62332,2015,Warriors,Raptors,H,126,105,1686.6736,1695.3938,59.567123,1,21
62333,2015,Lakers,Grizzlies,H,106,109,1416.2076,1412.7549,31.545395,0,-3
62333,2015,Grizzlies,Lakers,A,109,106,1633.2147,1636.6675,54.354824,1,3
62334,2015,Pacers,Bucks,A,94,91,1482.0836,1490.2112,39.497742,1,3
62334,2015,Bucks,Pacers,H,91,94,1497.2506,1489.123,39.383766,0,-3
62335,2015,Rockets,Pelicans,A,83,111,1622.7927,1600.7976,50.8978,0,-28
62335,2015,Pelicans,Rockets,H,111,83,1507.3333,1529.3284,43.596806,1,28
62336,2015,Pistons,Knicks,A,97,81,1386.666,1405.0387,30.782614,1,16
62336,2015,Knicks,Pistons,H,81,97,1365.8591,1347.4865,25.358717,0,-16
62337,2015,Wizards,Thunder,A,102,109,1562.5831,1557.4434,46.515781,0,-7
62337,2015,Thunder,Wizards,H,109,102,1581.9661,1587.1058,49.534321,1,7
62338,2015,Magic,Nets,H,98,100,1348.8652,1344.5437,25.09572,0,-2
62338,2015,Nets,Magic,A,100,98,1478.3074,1482.6289,38.704128,1,2
62339,2015,Sixers,Suns,A,96,112,1259.3391,1257.4724,18.060579,0,-16
62339,2015,Suns,Sixers,H,112,96,1565.6154,1567.4821,47.545952,1,16
62340,2015,Hawks,Jazz,A,98,92,1587.8336,1593.5001,50.173756,1,6
62340,2015,Jazz,Hawks,H,92,98,1409.6327,1403.9662,30.677172,0,-6
62341,2015,Bulls,Celtics,H,109,104,1610.2421,1611.8363,51.980556,1,5
62341,2015,Celtics,Bulls,A,104,109,1397.2351,1395.6409,29.863726,0,-5
62342,2015,Grizzlies,Nuggets,A,85,114,1636.6675,1607.5493,51.561913,0,-29
62342,2015,Nuggets,Grizzlies,H,114,85,1443.1624,1472.2805,37.623886,1,29
62343,2015,Rockets,Heat,H,115,79,1600.7976,1608.3806,51.64328,1,36
62343,2015,Heat,Rockets,A,79,115,1441.1527,1433.5697,33.636375,0,-36
62344,2015,Clippers,Sixers,H,127,91,1638.9718,1641.0961,54.768532,1,36
62344,2015,Sixers,Clippers,A,91,127,1257.4724,1255.3481,17.907972,0,-36
62345,2015,Timberwolves,Jazz,H,89,101,1343.3734,1330.0015,23.818857,0,-12
62345,2015,Jazz,Timberwolves,A,101,89,1403.9662,1417.3381,32.001804,1,12
62346,2015,Hornets,Magic,A,98,90,1397.2217,1407.9357,31.068144,1,8
62346,2015,Magic,Hornets,H,90,98,1344.5437,1333.8297,24.15126,0,-8
62347,2015,Trailblazers,Hawks,H,107,115,1667.7268,1652.2897,55.800072,0,-8
62347,2015,Hawks,Trailblazers,A,115,107,1593.5001,1608.9373,51.697716,1,8
62348,2015,Wizards,Spurs,A,92,101,1557.4434,1553.1036,46.068153,0,-9
62348,2015,Spurs,Wizards,H,101,92,1642.8014,1647.1411,55.328167,1,9
62349,2015,Cavaliers,Mavericks,H,90,109,1479.8202,1467.012,37.075626,0,-19
62349,2015,Mavericks,Cavaliers,A,109,90,1633.9861,1646.7943,55.296223,1,19
62350,2015,Kings,Pistons,A,95,114,1417.6378,1406.5032,30.926825,0,-19
62350,2015,Pistons,Kings,H,114,95,1405.0387,1416.1733,31.885586,1,19
62351,2015,Pacers,Lakers,A,87,88,1490.2112,1486.4982,39.108932,0,-1
62351,2015,Lakers,Pacers,H,88,87,1412.7549,1416.4679,31.914961,1,1
62352,2015,Nets,Heat,A,84,88,1482.6289,1477.4368,38.161636,0,-4
62352,2015,Heat,Nets,H,88,84,1433.5697,1438.7618,34.164669,1,4
62353,2015,Knicks,Bucks,H,82,95,1347.4865,1337.043,24.432339,0,-13
62353,2015,Bucks,Knicks,A,95,82,1489.123,1499.5665,40.478432,1,13
62354,2015,Raptors,Suns,A,109,125,1621.8947,1610.1003,51.811325,0,-16
62354,2015,Suns,Raptors,H,125,109,1567.4821,1579.2764,48.745445,1,16
62355,2015,Hornets,Celtics,A,104,95,1407.9357,1420.9918,32.36734,1,9
62355,2015,Celtics,Hornets,H,95,104,1395.6409,1382.5847,28.607101,0,-9
62356,2015,Mavericks,Nets,A,96,88,1646.7943,1653.7015,55.928707,1,8
62356,2015,Nets,Mavericks,H,88,96,1477.4368,1470.5295,37.441528,0,-8
62357,2015,Bulls,Rockets,H,114,105,1611.8363,1618.2256,52.599926,1,9
62357,2015,Rockets,Bulls,A,105,114,1608.3806,1601.9913,51.015633,0,-9
62358,2015,Warriors,Thunder,H,117,91,1695.3938,1703.2244,60.214108,1,26
62358,2015,Thunder,Warriors,A,91,117,1587.1058,1579.2753,48.745335,0,-26
62359,2015,Clippers,Hawks,H,98,107,1641.0961,1626.2599,53.37064,0,-9
62359,2015,Hawks,Clippers,A,107,98,1608.9373,1623.7734,53.13311,1,9
62360,2015,Knicks,Grizzlies,A,83,105,1337.043,1334.1809,24.181889,0,-22
62360,2015,Grizzlies,Knicks,H,105,83,1607.5493,1610.4114,51.841675,1,22
62361,2015,Nuggets,Timberwolves,A,110,101,1472.2805,1480.5558,38.487415,1,9
62361,2015,Timberwolves,Nuggets,H,101,110,1330.0015,1321.7262,23.109648,0,-9
62362,2015,Wizards,Pelicans,A,92,85,1553.1036,1563.9973,47.18924,1,7
62362,2015,Pelicans,Wizards,H,85,92,1529.3284,1518.4347,42.456974,0,-7
62363,2015,Sixers,Cavaliers,H,95,92,1255.3481,1263.395,18.490974,1,3
62363,2015,Cavaliers,Sixers,A,92,95,1467.012,1458.9651,36.241039,0,-3
62364,2015,Trailblazers,Lakers,H,98,94,1652.2897,1653.5499,55.914909,1,4
62364,2015,Lakers,Trailblazers,A,94,98,1416.4679,1415.2076,31.789347,0,-4
62365,2015,Jazz,Pacers,H,101,105,1417.3381,1410.2797,31.299923,0,-4
62365,2015,Pacers,Jazz,A,105,101,1486.4982,1493.5566,39.848297,1,4
62366,2015,Suns,Bucks,A,102,96,1579.2764,1587.5952,49.583416,1,6
62366,2015,Bucks,Suns,H,96,102,1499.5665,1491.2477,39.606331,0,-6
62367,2015,Spurs,Pistons,H,104,105,1647.1411,1637.5702,54.439404,0,-1
62367,2015,Pistons,Spurs,A,105,104,1416.1733,1425.7443,32.844948,1,1
62368,2015,Hawks,Grizzlies,H,96,86,1623.7734,1630.2893,53.753624,1,10
62368,2015,Grizzlies,Hawks,A,86,96,1610.4114,1603.8955,51.203228,0,-10
62369,2015,Nets,Celtics,H,81,89,1470.5295,1454.5677,35.786606,0,-8
62369,2015,Celtics,Nets,A,89,81,1382.5847,1398.5465,30.146595,1,8
62370,2015,Jazz,Bulls,A,97,77,1410.2797,1447.437,35.052502,1,20
62370,2015,Bulls,Jazz,H,77,97,1618.2256,1581.0682,48.926537,0,-20
62371,2015,Hornets,Pelicans,H,98,94,1420.9918,1427.2568,32.997452,1,4
62371,2015,Pelicans,Hornets,A,94,98,1518.4347,1512.1697,41.800316,0,-4
62372,2015,Rockets,Cavaliers,A,105,93,1601.9913,1611.8544,51.982315,1,12
62372,2015,Cavaliers,Rockets,H,93,105,1458.9651,1449.1021,35.223587,0,-12
62373,2015,Pistons,Mavericks,A,108,95,1425.7443,1454.5979,35.789719,1,13
62373,2015,Mavericks,Pistons,H,95,108,1653.7015,1624.8479,53.235863,0,-13
62374,2015,Nuggets,Magic,H,93,90,1480.5558,1482.3732,38.677387,1,3
62374,2015,Magic,Nuggets,A,90,93,1333.8297,1332.0123,23.993122,0,-3
62375,2015,Warriors,Pacers,H,117,102,1703.2244,1706.3317,60.467518,1,15
62375,2015,Pacers,Warriors,A,102,117,1493.5566,1490.4493,39.52269,0,-15
62376,2015,Lakers,Clippers,A,89,114,1415.2076,1410.8169,31.35314,0,-25
62376,2015,Clippers,Lakers,H,114,89,1626.2599,1630.6506,53.787846,1,25
62377,2015,Timberwolves,Suns,H,111,113,1321.7262,1319.3551,22.908821,0,-2
62377,2015,Suns,Timberwolves,A,113,111,1587.5952,1589.9663,49.82093,1,2
62378,2015,Sixers,Bucks,H,77,97,1263.395,1253.7689,17.795124,0,-20
62378,2015,Bucks,Sixers,A,97,77,1491.2477,1500.8738,40.61554,1,20
62379,2015,Thunder,Kings,A,83,104,1579.2753,1557.5651,46.528316,0,-21
62379,2015,Kings,Thunder,H,104,83,1406.5032,1428.2134,33.094013,1,21
62380,2015,Knicks,Wizards,A,91,101,1334.1809,1332.0416,23.995667,0,-10
62380,2015,Wizards,Knicks,H,101,91,1563.9973,1566.1366,47.408344,1,10
62381,2015,Rockets,Knicks,A,120,96,1611.8544,1620.3884,52.808311,1,24
62381,2015,Knicks,Rockets,H,96,120,1332.0416,1323.5076,23.261229,0,-24
62382,2015,Heat,Trailblazers,A,83,99,1438.7618,1435.6086,33.843544,0,-16
62382,2015,Trailblazers,Heat,H,99,83,1653.5499,1656.7031,56.20105,1,16
62383,2015,Raptors,Hornets,H,95,103,1610.1003,1590.4821,49.872509,0,-8
62383,2015,Hornets,Raptors,A,103,95,1427.2568,1446.8751,34.994812,1,8
62384,2015,Sixers,Nets,A,90,88,1253.7689,1264.5812,18.578041,1,2
62384,2015,Nets,Sixers,H,88,90,1454.5677,1443.7555,34.67498,0,-2
62385,2015,Hawks,Pistons,A,106,103,1630.2893,1634.4302,54.14465,1,3
62385,2015,Pistons,Hawks,H,103,106,1454.5979,1450.457,35.362965,0,-3
62386,2015,Cavaliers,Warriors,A,94,112,1449.1021,1446.4153,34.94762,0,-18
62386,2015,Warriors,Cavaliers,H,112,94,1706.3317,1709.0184,60.685093,1,18
62387,2015,Pacers,Celtics,H,107,103,1490.4493,1493.1782,39.808636,1,4
62387,2015,Celtics,Pacers,A,103,107,1398.5465,1395.8176,29.880901,0,-4
62388,2015,Lakers,Magic,H,101,84,1410.8169,1417.563,32.024258,1,17
62388,2015,Magic,Lakers,A,84,101,1332.0123,1325.2662,23.411465,0,-17
62389,2015,Bucks,Timberwolves,H,98,84,1500.8738,1504.3407,40.979191,1,14
62389,2015,Timberwolves,Bucks,A,84,98,1319.3551,1315.8882,22.617111,0,-14
62390,2015,Pelicans,Grizzlies,H,106,95,1512.1697,1522.8481,42.919136,1,11
62390,2015,Grizzlies,Pelicans,A,95,106,1603.8955,1593.217,50.145546,0,-11
62391,2015,Thunder,Jazz,H,99,94,1557.5651,1560.3336,46.813171,1,5
62391,2015,Jazz,Thunder,A,94,99,1447.437,1444.6685,34.768501,0,-5
62392,2015,Nuggets,Kings,A,118,108,1482.3732,1494.5588,39.953346,1,10
62392,2015,Kings,Nuggets,H,108,118,1428.2134,1416.0277,31.871065,0,-10
62393,2015,Suns,Spurs,A,95,100,1589.9663,1586.1962,49.442989,0,-5
62393,2015,Spurs,Suns,H,100,95,1637.5702,1641.3403,54.79126,1,5
62394,2015,Bulls,Wizards,A,86,102,1581.0682,1571.0654,47.911705,0,-16
62394,2015,Wizards,Bulls,H,102,86,1566.1366,1576.1394,48.427658,1,16
62395,2015,Bucks,Bulls,A,87,95,1504.3407,1499.9038,40.513805,0,-8
62395,2015,Bulls,Bucks,H,95,87,1571.0654,1575.5023,48.363007,1,8
62396,2015,Pistons,Nets,H,98,93,1450.457,1455.01,35.832253,1,5
62396,2015,Nets,Pistons,A,93,98,1443.7555,1439.2025,34.209614,0,-5
62397,2015,Jazz,Rockets,A,82,97,1444.6685,1440.923,34.385262,0,-15
62397,2015,Rockets,Jazz,H,97,82,1620.3884,1624.1339,53.167603,1,15
62398,2015,Clippers,Mavericks,H,120,100,1630.6506,1641.2908,54.786648,1,20
62398,2015,Mavericks,Clippers,A,100,120,1624.8479,1614.2078,52.211094,0,-20
62399,2015,Spurs,Timberwolves,A,108,93,1641.3403,1646.2344,55.244602,1,15
62399,2015,Timberwolves,Spurs,H,93,108,1315.8882,1310.9941,22.209261,0,-15
62400,2015,Knicks,Hornets,H,82,110,1323.5076,1304.462,21.672159,0,-28
62400,2015,Hornets,Knicks,A,110,82,1446.8751,1465.9207,36.962231,1,28
62401,2015,Pacers,Sixers,A,92,93,1493.1782,1487.0774,39.169567,0,-1
62401,2015,Sixers,Pacers,H,93,92,1264.5812,1270.682,19.030422,1,1
62402,2015,Magic,Trailblazers,A,92,103,1325.2662,1324.0052,23.303684,0,-11
62402,2015,Trailblazers,Magic,H,103,92,1656.7031,1657.9641,56.315002,1,11
62403,2015,Celtics,Raptors,A,96,109,1395.8176,1392.7446,29.582907,0,-13
62403,2015,Raptors,Celtics,H,109,96,1590.4821,1593.5551,50.17923,1,13
62404,2015,Hawks,Wizards,H,120,89,1634.4302,1645.8296,55.207256,1,31
62404,2015,Wizards,Hawks,A,89,120,1576.1394,1564.74,47.265347,0,-31
62405,2015,Heat,Clippers,A,104,90,1435.6086,1464.6591,36.831223,1,14
62405,2015,Clippers,Heat,H,90,104,1641.2908,1612.2404,52.01989,0,-14
62406,2015,Lakers,Trailblazers,H,94,106,1417.563,1411.1132,31.382502,0,-12
62406,2015,Trailblazers,Lakers,A,106,94,1657.9641,1664.4139,56.893539,1,12
62407,2015,Suns,Grizzlies,A,110,122,1586.1962,1578.6787,48.684975,0,-12
62407,2015,Grizzlies,Suns,H,122,110,1593.217,1600.7345,50.891563,1,12
62408,2015,Kings,Cavaliers,H,103,84,1416.0277,1428.0411,33.076618,1,19
62408,2015,Cavaliers,Kings,A,84,103,1446.4153,1434.4019,33.720879,0,-19
62409,2015,Celtics,Pelicans,H,108,100,1392.7446,1402.8521,30.567791,1,8
62409,2015,Pelicans,Celtics,A,100,108,1522.8481,1512.7407,41.860191,0,-8
62410,2015,Nets,Rockets,H,99,113,1439.2025,1430.0459,33.279255,0,-14
62410,2015,Rockets,Nets,A,113,99,1624.1339,1633.2905,54.037292,1,14
62411,2015,Bulls,Magic,H,114,121,1575.5023,1554.8279,46.246159,0,-7
62411,2015,Magic,Bulls,A,121,114,1324.0052,1344.6797,25.107841,1,7
62412,2015,Pistons,Raptors,A,114,111,1455.01,1466.0355,36.974163,1,3
62412,2015,Raptors,Pistons,H,111,114,1593.5551,1582.5295,49.073986,0,-3
62413,2015,Timberwolves,Pacers,A,110,101,1310.9941,1331.7456,23.969963,1,9
62413,2015,Pacers,Timberwolves,H,101,110,1487.0774,1466.3259,37.004333,0,-9
62414,2015,Lakers,Heat,H,75,78,1411.1132,1404.535,30.733078,0,-3
62414,2015,Heat,Lakers,A,78,75,1464.6591,1471.2372,37.515209,1,3
62415,2015,Sixers,Hawks,H,87,105,1270.682,1266.4316,18.714447,0,-18
62415,2015,Hawks,Sixers,A,105,87,1645.8296,1650.08,55.598076,1,18
62416,2015,Cavaliers,Suns,A,100,107,1434.4019,1431.6313,33.439785,0,-7
62416,2015,Suns,Cavaliers,H,107,100,1578.6787,1581.4492,48.965,1,7
62417,2015,Mavericks,Kings,A,108,104,1614.2078,1618.6863,52.644367,1,4
62417,2015,Kings,Mavericks,H,104,108,1428.0411,1423.5626,32.625404,0,-4
62418,2015,Warriors,Jazz,A,116,105,1709.0184,1714.3636,61.113693,1,11
62418,2015,Jazz,Warriors,H,105,116,1440.923,1435.5778,33.840401,0,-11
62419,2015,Spurs,Wizards,A,93,101,1646.2344,1637.7635,54.457504,0,-8
62419,2015,Wizards,Spurs,H,101,93,1564.74,1573.2108,48.130146,1,8
62420,2015,Celtics,Hawks,H,91,105,1402.8521,1395.9492,29.893692,0,-14
62420,2015,Hawks,Celtics,A,105,91,1650.08,1656.9828,56.226345,1,14
62421,2015,Grizzlies,Nets,A,103,92,1600.7345,1609.0648,51.710186,1,11
62421,2015,Nets,Grizzlies,H,92,103,1430.0459,1421.7156,32.439922,0,-11
62422,2015,Bulls,Wizards,H,99,105,1554.8279,1544.6466,45.192398,0,-6
62422,2015,Wizards,Bulls,A,105,99,1573.2108,1583.3921,49.160915,1,6
62423,2015,Hornets,Spurs,H,93,98,1465.9207,1460.6226,36.412643,0,-5
62423,2015,Spurs,Hornets,A,98,93,1637.7635,1643.0616,54.951149,1,5
62424,2015,Nuggets,Mavericks,H,114,107,1494.5588,1503.7319,40.915337,1,7
62424,2015,Mavericks,Nuggets,A,107,114,1618.6863,1609.5132,51.753994,0,-7
62425,2015,Pistons,Pelicans,H,94,105,1466.0355,1452.7832,35.602551,0,-11
62425,2015,Pelicans,Pistons,A,105,94,1512.7407,1525.993,43.248169,1,11
62426,2015,Warriors,Heat,H,104,89,1714.3636,1716.9376,61.318047,1,15
62426,2015,Heat,Warriors,A,89,104,1471.2372,1468.6632,37.247314,0,-15
62427,2015,Rockets,Magic,A,113,120,1633.2905,1618.4769,52.624176,0,-7
62427,2015,Magic,Rockets,H,120,113,1344.6797,1359.4933,26.447294,1,7
62428,2015,Clippers,Trailblazers,A,100,94,1612.2404,1624.6722,53.219078,1,6
62428,2015,Trailblazers,Clippers,H,94,100,1664.4139,1651.9821,55.772003,0,-6
62429,2015,Sixers,Raptors,A,84,100,1266.4316,1264.6694,18.58453,0,-16
62429,2015,Raptors,Sixers,H,100,84,1582.5295,1584.2917,49.251507,1,16
62430,2015,Rockets,Thunder,H,112,101,1618.4769,1624.0862,53.163036,1,11
62430,2015,Thunder,Rockets,A,101,112,1560.3336,1554.7244,46.235477,0,-11
62431,2015,Cavaliers,Lakers,A,109,102,1431.6313,1442.4127,34.537556,1,7
62431,2015,Lakers,Cavaliers,H,102,109,1404.535,1393.7537,29.680613,0,-7
62432,2015,Bucks,Knicks,N,95,79,1499.9038,1505.8629,41.138866,1,16
62432,2015,Knicks,Bucks,N,79,95,1304.462,1298.5029,21.189493,0,-16
62433,2015,Celtics,Bulls,H,103,119,1395.9492,1384.302,28.770994,0,-16
62433,2015,Bulls,Celtics,A,119,103,1544.6466,1556.2937,46.397324,1,16
62434,2015,Mavericks,Nuggets,H,97,89,1609.5132,1613.1653,52.109844,1,8
62434,2015,Nuggets,Mavericks,A,89,97,1503.7319,1500.0798,40.532269,0,-8
62435,2015,Pistons,Pacers,A,98,96,1452.7832,1459.7754,36.324913,1,2
62435,2015,Pacers,Pistons,H,96,98,1466.3259,1459.3337,36.279194,0,-2
62436,2015,Clippers,Cavaliers,H,121,126,1624.6722,1609.4836,51.751106,0,-5
62436,2015,Cavaliers,Clippers,A,126,121,1442.4127,1457.6013,36.099972,1,5
62437,2015,Thunder,Warriors,H,127,115,1554.7244,1569.1396,47.715279,1,12
62437,2015,Warriors,Thunder,A,115,127,1716.9376,1702.5223,60.156593,0,-12
62438,2015,Magic,Grizzlies,H,96,106,1359.4933,1353.9854,25.944872,0,-10
62438,2015,Grizzlies,Magic,A,106,96,1609.0648,1614.5728,52.246506,1,10
62439,2015,Pelicans,Sixers,A,81,96,1525.993,1503.8317,40.925797,0,-15
62439,2015,Sixers,Pelicans,H,96,81,1264.6694,1286.8308,20.264605,1,15
62440,2015,Timberwolves,Suns,A,99,110,1331.7456,1329.7178,23.794333,0,-11
62440,2015,Suns,Timberwolves,H,110,99,1581.4492,1583.4771,49.169476,1,11
62441,2015,Heat,Kings,A,95,83,1468.6632,1482.7412,38.71587,1,12
62441,2015,Kings,Heat,H,83,95,1423.5626,1409.4846,31.221233,0,-12
62442,2015,Spurs,Trailblazers,H,110,96,1643.0616,1651.9772,55.771557,1,14
62442,2015,Trailblazers,Spurs,A,96,110,1651.9821,1643.0665,54.951603,0,-14
62443,2015,Raptors,Hawks,H,89,110,1584.2917,1565.6066,47.354092,0,-21
62443,2015,Hawks,Raptors,A,110,89,1656.9828,1675.668,57.8853,1,21
62444,2015,Lakers,Jazz,A,85,94,1393.7537,1388.3944,29.16329,0,-9
62444,2015,Jazz,Lakers,H,94,85,1435.5778,1440.937,34.386696,1,9
62445,2015,Wizards,Nets,H,80,102,1583.3921,1547.1378,45.450809,0,-22
62445,2015,Nets,Wizards,A,102,80,1421.7156,1457.9698,36.138081,1,22
62446,2015,Nets,Wizards,H,90,99,1457.9698,1447.8448,35.094387,0,-9
62446,2015,Wizards,Nets,A,99,90,1547.1378,1557.2628,46.497185,1,9
62447,2015,Bulls,Hawks,H,99,107,1556.2937,1547.8511,45.524731,0,-8
62447,2015,Hawks,Bulls,A,107,99,1675.668,1684.1106,58.614094,1,8
62448,2015,Hornets,Pacers,H,80,71,1460.6226,1467.0737,37.082047,1,9
62448,2015,Pacers,Hornets,A,71,80,1459.3337,1452.8826,35.612793,0,-9
62449,2015,Timberwolves,Nuggets,A,113,105,1329.7178,1348.8522,25.481289,1,8
62449,2015,Nuggets,Timberwolves,H,105,113,1500.0798,1480.9454,38.528133,0,-8
62450,2015,Sixers,Pistons,A,89,107,1286.8308,1282.5294,19.930683,0,-18
62450,2015,Pistons,Sixers,H,107,89,1459.7754,1464.0768,36.770782,1,18
62451,2015,Warriors,Rockets,A,131,106,1702.5223,1723.24,61.81279,1,25
62451,2015,Rockets,Warriors,H,106,131,1624.0862,1603.3685,51.151356,0,-25
62452,2015,Trailblazers,Grizzlies,A,98,102,1643.0665,1638.2985,54.507545,0,-4
62452,2015,Grizzlies,Trailblazers,H,102,98,1614.5728,1619.3408,52.707458,1,4
62453,2015,Kings,Clippers,H,108,117,1409.4846,1402.9966,30.58197,0,-9
62453,2015,Clippers,Kings,A,117,108,1609.4836,1615.9717,52.382072,1,9
62454,2015,Magic,Thunder,H,99,127,1353.9854,1341.032,24.783882,0,-28
62454,2015,Thunder,Magic,A,127,99,1569.1396,1582.093,49.029964,1,28
62455,2015,Jazz,Spurs,A,69,89,1440.937,1437.1854,34.004013,0,-20
62455,2015,Spurs,Jazz,H,89,69,1651.9772,1655.7288,56.112808,1,20
62456,2015,Raptors,Pelicans,H,93,95,1565.6066,1557.6439,46.536438,0,-2
62456,2015,Pelicans,Raptors,A,95,93,1503.8317,1511.7943,41.760956,1,2
62457,2015,Pistons,Hawks,A,82,93,1464.0768,1461.6785,36.522049,0,-11
62457,2015,Hawks,Pistons,H,93,82,1684.1106,1686.5089,58.818691,1,11
62458,2015,Timberwolves,Hornets,A,80,105,1348.8522,1341.6171,24.835684,0,-25
62458,2015,Hornets,Timberwolves,H,105,80,1467.0737,1474.3088,37.835293,1,25
62459,2015,Bulls,Cavaliers,A,94,108,1547.8511,1535.447,44.235367,0,-14
62459,2015,Cavaliers,Bulls,H,108,94,1457.6013,1470.0054,37.386967,1,14
62460,2015,Nuggets,Warriors,A,79,122,1480.9454,1475.467,37.956085,0,-43
62460,2015,Warriors,Nuggets,H,122,79,1723.24,1728.7184,62.236324,1,43
62461,2015,Pacers,Rockets,A,98,110,1452.8826,1449.1747,35.231052,0,-12
62461,2015,Rockets,Pacers,H,110,98,1603.3685,1607.0764,51.515587,1,12
62462,2015,Celtics,Clippers,A,93,102,1384.302,1382.3163,28.581522,0,-9
62462,2015,Clippers,Celtics,H,102,93,1615.9717,1617.9574,52.574043,1,9
62463,2015,Mavericks,Grizzlies,A,103,95,1613.1653,1626.0286,53.348579,1,8
62463,2015,Grizzlies,Mavericks,H,95,103,1619.3408,1606.4775,51.456875,0,-8
62464,2015,Raptors,Bucks,A,92,89,1557.6439,1564.2607,47.21624,1,3
62464,2015,Bucks,Raptors,H,89,92,1505.8629,1499.2461,40.444824,0,-3
62465,2015,Knicks,Pelicans,H,99,92,1298.5029,1310.6682,22.182264,1,7
62465,2015,Pelicans,Knicks,A,92,99,1511.7943,1499.629,40.484985,0,-7
62466,2015,Suns,Lakers,H,115,100,1583.4771,1586.8458,49.508224,1,15
62466,2015,Lakers,Suns,A,100,115,1388.3944,1385.0256,28.840185,0,-15
62467,2015,Kings,Trailblazers,A,94,98,1402.9966,1401.7327,30.458054,0,-4
62467,2015,Trailblazers,Kings,H,98,94,1638.2985,1639.5624,54.625607,1,4
62468,2015,Wizards,Sixers,H,111,76,1557.2628,1561.1672,46.89883,1,35
62468,2015,Sixers,Wizards,A,76,111,1282.5294,1278.625,19.630833,0,-35
62469,2015,Spurs,Nuggets,A,109,99,1655.7288,1663.2667,56.791172,1,10
62469,2015,Nuggets,Spurs,H,99,109,1475.467,1467.9291,37.170967,0,-10
62470,2015,Thunder,Heat,A,94,86,1582.093,1591.194,49.943661,1,8
62470,2015,Heat,Thunder,H,86,94,1482.7412,1473.6403,37.765587,0,-8
62471,2015,Pacers,Hawks,A,91,110,1449.1747,1446.0515,34.910301,0,-19
62471,2015,Hawks,Pacers,H,110,91,1686.5089,1689.6321,59.083496,1,19
62472,2015,Heat,Hornets,A,76,78,1473.6403,1470.4291,37.431068,0,-2
62472,2015,Hornets,Heat,H,78,76,1474.3088,1477.52,38.17033,1,2
62473,2015,Jazz,Cavaliers,A,92,106,1437.1854,1429.7991,33.254284,0,-14
62473,2015,Cavaliers,Jazz,H,106,92,1470.0054,1477.3917,38.156937,1,14
62474,2015,Magic,Pistons,A,118,128,1341.032,1337.1644,24.443001,0,-10
62474,2015,Pistons,Magic,H,128,118,1461.6785,1465.546,36.923317,1,10
62475,2015,Warriors,Rockets,H,126,113,1728.7184,1733.2612,62.582905,1,13
62475,2015,Rockets,Warriors,A,113,126,1607.0764,1602.5336,51.069096,0,-13
62476,2015,Grizzlies,Raptors,H,92,86,1606.4775,1610.7272,51.872478,1,6
62476,2015,Raptors,Grizzlies,A,86,92,1564.2607,1560.0111,46.780018,0,-6
62477,2015,Timberwolves,Mavericks,H,75,98,1341.6171,1333.5236,24.124578,0,-23
62477,2015,Mavericks,Timberwolves,A,98,75,1626.0286,1634.1221,54.115646,1,23
62478,2015,Pelicans,Lakers,H,96,80,1499.629,1505.0343,41.051949,1,16
62478,2015,Lakers,Pelicans,A,80,96,1385.0256,1379.6204,28.325214,0,-16
62479,2015,Sixers,Knicks,H,91,98,1278.625,1268.0104,18.831377,0,-7
62479,2015,Knicks,Sixers,A,98,91,1310.6682,1321.2828,23.072016,1,7
62480,2015,Trailblazers,Suns,A,113,118,1639.5624,1633.6987,54.075768,0,-5
62480,2015,Suns,Trailblazers,H,118,113,1586.8458,1592.7095,50.094936,1,5
62481,2015,Nets,Kings,A,103,100,1447.8448,1454.5863,35.788521,1,3
62481,2015,Kings,Nets,H,100,103,1401.7327,1394.9912,29.800636,0,-3
62482,2015,Thunder,Wizards,A,105,103,1591.194,1597.3295,50.554482,1,2
62482,2015,Wizards,Thunder,H,103,105,1561.1672,1555.0317,46.267189,0,-2
62483,2015,Spurs,Bulls,A,81,104,1663.2667,1643.3105,54.974232,0,-23
62483,2015,Bulls,Spurs,H,104,81,1535.447,1555.4032,46.305508,1,23
62484,2015,Nets,Clippers,A,84,123,1454.5863,1446.6996,34.976795,0,-39
62484,2015,Clippers,Nets,H,123,84,1617.9574,1625.8441,53.330982,1,39
62485,2015,Bucks,Jazz,H,99,101,1499.2461,1491.1278,39.593769,0,-2
62485,2015,Jazz,Bucks,A,101,99,1429.7991,1437.9174,34.078579,1,2
62486,2015,Celtics,Trailblazers,A,90,89,1382.3163,1392.2473,29.534803,1,1
62486,2015,Trailblazers,Celtics,H,89,90,1633.6987,1623.7677,53.132561,0,-1
62487,2015,Hawks,Thunder,H,103,93,1689.6321,1694.1008,59.459148,1,10
62487,2015,Thunder,Hawks,A,93,103,1597.3295,1592.8607,50.11002,0,-10
62488,2015,Cavaliers,Hornets,H,129,90,1477.3917,1495.0771,40.007683,1,39
62488,2015,Hornets,Cavaliers,A,90,129,1477.52,1459.8346,36.331043,0,-39
62489,2015,Bulls,Mavericks,A,102,98,1555.4032,1566.2758,47.422585,1,4
62489,2015,Mavericks,Bulls,H,98,102,1634.1221,1623.2495,53.082947,0,-4
62490,2015,Celtics,Nuggets,A,100,99,1392.2473,1399.1443,30.204929,1,1
62490,2015,Nuggets,Celtics,H,99,100,1467.9291,1461.0321,36.45507,0,-1
62491,2015,Kings,Warriors,A,101,126,1394.9912,1392.8827,29.596268,0,-25
62491,2015,Warriors,Kings,H,126,101,1733.2612,1735.3698,62.742336,1,25
62492,2015,Pacers,Heat,A,87,89,1446.0515,1443.1663,34.614658,0,-2
62492,2015,Heat,Pacers,H,89,87,1470.4291,1473.3143,37.731613,1,2
62493,2015,Timberwolves,Pelicans,H,84,92,1333.5236,1326.6786,23.532537,0,-8
62493,2015,Pelicans,Timberwolves,A,92,84,1505.0343,1511.8793,41.769863,1,8
62494,2015,Knicks,Magic,H,113,106,1321.2828,1327.2932,23.585342,1,7
62494,2015,Magic,Knicks,A,106,113,1337.1644,1331.1541,23.918652,0,-7
62495,2015,Raptors,Sixers,A,91,86,1560.0111,1563.0461,47.091702,1,5
62495,2015,Sixers,Raptors,H,86,91,1268.0104,1264.9753,18.607037,0,-5
62496,2015,Suns,Rockets,H,111,113,1592.7095,1586.1799,49.44136,0,-2
62496,2015,Rockets,Suns,A,113,111,1602.5336,1609.0631,51.710018,1,2
62497,2015,Lakers,Spurs,A,85,99,1379.6204,1377.4341,28.11816,0,-14
62497,2015,Spurs,Lakers,H,99,85,1643.3105,1645.4968,55.176533,1,14
62498,2015,Knicks,Hornets,A,71,76,1327.2932,1324.828,23.373974,0,-5
62498,2015,Hornets,Knicks,H,76,71,1459.8346,1462.2998,36.586456,1,5
62499,2015,Grizzlies,Sixers,H,101,83,1610.7272,1612.3295,52.028561,1,18
62499,2015,Sixers,Grizzlies,A,83,101,1264.9753,1263.373,18.489365,0,-18
62500,2015,Pistons,Bucks,A,86,101,1465.546,1457.5508,36.094746,0,-15
62500,2015,Bucks,Pistons,H,101,86,1491.1278,1499.123,40.431919,1,15
62501,2015,Trailblazers,Wizards,H,103,96,1623.7677,1627.8387,53.520992,1,7
62501,2015,Wizards,Trailblazers,A,96,103,1555.0317,1550.9607,45.846657,0,-7
62502,2015,Jazz,Nets,H,108,73,1437.9174,1454.8746,35.818279,1,35
62502,2015,Nets,Jazz,A,73,108,1446.6996,1429.7423,33.248543,0,-35
62503,2015,Hawks,Timberwolves,H,112,100,1694.1008,1695.1769,59.54903,1,12
62503,2015,Timberwolves,Hawks,A,100,112,1326.6786,1325.6025,23.44026,0,-12
62504,2015,Bulls,Heat,H,84,96,1566.2758,1545.5726,45.288494,0,-12
62504,2015,Heat,Bulls,A,96,84,1473.3143,1494.0175,39.896595,1,12
62505,2015,Thunder,Cavaliers,A,98,108,1592.8607,1582.5676,49.077827,0,-10
62505,2015,Cavaliers,Thunder,H,108,98,1495.0771,1505.3702,41.087185,1,10
62506,2015,Nuggets,Wizards,H,115,117,1461.0321,1456.0198,35.936523,0,-2
62506,2015,Wizards,Nuggets,A,117,115,1550.9607,1555.973,46.364265,1,2
62507,2015,Warriors,Celtics,H,114,111,1735.3698,1735.9921,62.789219,1,3
62507,2015,Celtics,Warriors,A,111,114,1399.1443,1398.522,30.144201,0,-3
62508,2015,Rockets,Lakers,A,99,87,1609.0631,1615.7827,52.363777,1,12
62508,2015,Lakers,Rockets,H,87,99,1377.4341,1370.7145,27.486359,0,-12
62509,2015,Pelicans,Mavericks,H,109,106,1511.8793,1517.7058,42.380611,1,3
62509,2015,Mavericks,Pelicans,A,106,109,1623.2495,1617.423,52.52243,0,-3
62510,2015,Pacers,Magic,A,106,99,1443.1663,1451.2109,35.440571,1,7
62510,2015,Magic,Pacers,H,99,106,1331.1541,1323.1094,23.227293,0,-7
62511,2015,Suns,Clippers,H,100,120,1586.1799,1566.0098,47.395363,0,-20
62511,2015,Clippers,Suns,A,120,100,1625.8441,1646.0143,55.2243,1,20
62512,2015,Bucks,Spurs,A,95,101,1499.123,1496.6046,40.167828,0,-6
62512,2015,Spurs,Bucks,H,101,95,1645.4968,1648.0153,55.4086,1,6
62513,2015,Pistons,Raptors,A,110,114,1457.5508,1455.0032,35.831547,0,-4
62513,2015,Raptors,Pistons,H,114,110,1563.0461,1565.5938,47.352779,1,4
62514,2015,Clippers,Nuggets,H,102,98,1646.0143,1647.6417,55.374245,1,4
62514,2015,Nuggets,Clippers,A,98,102,1456.0198,1454.3923,35.768505,0,-4
62515,2015,Grizzlies,Magic,H,103,94,1612.3295,1613.7571,52.167339,1,9
62515,2015,Magic,Grizzlies,A,94,103,1323.1094,1321.6818,23.105875,0,-9
62516,2015,Sixers,Pelicans,A,74,99,1263.373,1259.9344,18.238617,0,-25
62516,2015,Pelicans,Sixers,H,99,74,1517.7058,1521.1444,42.74078,1,25
62517,2015,Timberwolves,Thunder,A,84,92,1325.6025,1323.9985,23.303112,0,-8
62517,2015,Thunder,Timberwolves,H,92,84,1582.5676,1584.1716,49.239418,1,8
62518,2015,Celtics,Jazz,A,99,90,1398.522,1414.3414,31.703114,1,9
62518,2015,Jazz,Celtics,H,90,99,1454.8746,1439.0552,34.194584,0,-9
62519,2015,Grizzlies,Mavericks,A,109,90,1613.7571,1635.9905,54.291306,1,19
62519,2015,Mavericks,Grizzlies,H,90,109,1617.423,1595.1896,50.341938,0,-19
62520,2015,Pistons,Cavaliers,H,95,103,1455.0032,1444.2069,34.72121,0,-8
62520,2015,Cavaliers,Pistons,A,103,95,1505.3702,1516.1665,42.219307,1,8
62521,2015,Bulls,Warriors,A,113,111,1545.5726,1556.1698,46.384552,1,2
62521,2015,Warriors,Bulls,H,111,113,1735.9921,1725.3949,61.980114,0,-2
62522,2015,Raptors,Pacers,A,104,91,1565.5938,1577.2059,48.535809,1,13
62522,2015,Pacers,Raptors,H,91,104,1451.2109,1439.5988,34.250046,0,-13
62523,2015,Wizards,Lakers,A,98,92,1555.973,1561.4705,46.929974,1,6
62523,2015,Lakers,Wizards,H,92,98,1370.7145,1365.217,26.974754,0,-6
62524,2015,Bucks,Heat,A,109,102,1496.6046,1508.2216,41.386265,1,7
62524,2015,Heat,Bucks,H,102,109,1494.0175,1482.4005,38.680244,0,-7
62525,2015,Hawks,Nets,H,113,102,1695.1769,1697.03,59.703297,1,11
62525,2015,Nets,Hawks,A,102,113,1429.7423,1427.8892,33.061272,0,-11
62526,2015,Trailblazers,Cavaliers,A,94,99,1627.8387,1620.4965,52.818703,0,-5
62526,2015,Cavaliers,Trailblazers,H,99,94,1516.1665,1523.5088,42.988277,1,5
62527,2015,Rockets,Mavericks,H,99,94,1615.7827,1620.0585,52.776562,1,5
62527,2015,Mavericks,Rockets,A,94,99,1595.1896,1590.9138,49.915668,0,-5
62528,2015,Celtics,Timberwolves,A,98,110,1414.3414,1403.1152,30.593615,0,-12
62528,2015,Timberwolves,Celtics,H,110,98,1323.9985,1335.2246,24.273046,1,12
62529,2015,Pelicans,Nuggets,H,85,93,1521.1444,1505.9926,41.152466,0,-8
62529,2015,Nuggets,Pelicans,A,93,85,1454.3923,1469.5442,37.33897,1,8
62530,2015,Thunder,Knicks,A,92,100,1584.1716,1569.3021,47.731865,0,-8
62530,2015,Knicks,Thunder,H,100,92,1324.828,1339.6975,24.665958,1,8
62531,2015,Pistons,Sixers,A,69,89,1444.2069,1422.4637,32.515011,0,-20
62531,2015,Sixers,Pistons,H,89,69,1259.9344,1281.6776,19.865002,1,20
62532,2015,Wizards,Suns,A,98,106,1561.4705,1555.5394,46.319557,0,-8
62532,2015,Suns,Wizards,H,106,98,1566.0098,1571.9408,48.000885,1,8
62533,2015,Spurs,Hornets,H,95,86,1648.0153,1650.5795,55.64381,1,9
62533,2015,Hornets,Spurs,A,86,95,1462.2998,1459.7356,36.320793,0,-9
62534,2015,Kings,Raptors,A,102,119,1392.8827,1388.9945,29.221018,0,-17
62534,2015,Raptors,Kings,H,119,102,1577.2059,1581.0941,48.92915,1,17
62535,2015,Jazz,Clippers,H,89,94,1439.0552,1434.5405,33.734966,0,-5
62535,2015,Clippers,Jazz,A,94,89,1647.6417,1652.1564,55.78791,1,5
62536,2015,Knicks,Pacers,A,82,103,1339.6975,1332.6738,24.050611,0,-21
62536,2015,Pacers,Knicks,H,103,82,1439.5988,1446.6224,34.96888,1,21
62537,2015,Bulls,Lakers,A,118,123,1556.1698,1546.6376,45.398949,0,-5
62537,2015,Lakers,Bulls,H,123,118,1365.217,1374.7493,27.864887,1,5
62538,2015,Nuggets,Grizzlies,A,69,99,1469.5442,1463.1481,36.674427,0,-30
62538,2015,Grizzlies,Nuggets,H,99,69,1635.9905,1642.3866,54.8885,1,30
62539,2015,Bucks,Magic,A,115,100,1508.2216,1517.7402,42.384216,1,15
62539,2015,Magic,Bucks,H,100,115,1321.6818,1312.1631,22.306255,0,-15
62540,2015,Hawks,Trailblazers,H,105,99,1697.03,1700.6316,60.001209,1,6
62540,2015,Trailblazers,Hawks,A,99,105,1620.4965,1616.8949,52.471394,0,-6
62541,2015,Celtics,Rockets,H,87,93,1403.1152,1398.3381,30.126272,0,-6
62541,2015,Rockets,Celtics,A,93,87,1620.0585,1624.8356,53.234684,1,6
62542,2015,Raptors,Nets,A,127,122,1581.0941,1586.8185,49.505482,1,5
62542,2015,Nets,Raptors,H,122,127,1427.8892,1422.1648,32.485001,0,-5
62543,2015,Cavaliers,Kings,H,101,90,1523.5088,1527.3264,43.387589,1,11
62543,2015,Kings,Cavaliers,A,90,101,1388.9945,1385.1769,28.854656,0,-11
62544,2015,Heat,Mavericks,H,72,93,1482.4005,1465.98,36.968395,0,-21
62544,2015,Mavericks,Heat,A,93,72,1590.9138,1607.3344,51.540859,1,21
62545,2015,Pelicans,Clippers,H,108,103,1505.9926,1514.265,42.019997,1,5
62545,2015,Clippers,Pelicans,A,103,108,1652.1564,1643.8839,55.027359,0,-5
62546,2015,Sixers,Timberwolves,H,103,94,1281.6776,1289.8153,20.498489,1,9
62546,2015,Timberwolves,Sixers,A,94,103,1335.2246,1327.0869,23.56761,0,-9
62547,2015,Suns,Bulls,H,99,93,1571.9408,1576.5387,48.468163,1,6
62547,2015,Bulls,Suns,A,93,99,1546.6376,1542.0397,44.921623,0,-6
62548,2015,Warriors,Jazz,A,100,110,1725.3949,1707.0234,60.523674,0,-10
62548,2015,Jazz,Warriors,H,110,100,1434.5405,1452.912,35.615826,1,10
62549,2015,Sixers,Hawks,A,85,91,1289.8153,1289.2643,20.455173,0,-6
62549,2015,Hawks,Sixers,H,91,85,1700.6316,1701.1826,60.046566,1,6
62550,2015,Hornets,Nuggets,A,104,86,1459.7356,1481.141,38.548573,1,18
62550,2015,Nuggets,Hornets,H,86,104,1463.1481,1441.7427,34.469032,0,-18
62551,2015,Rockets,Pistons,A,101,114,1624.8356,1607.6675,51.573486,0,-13
62551,2015,Pistons,Rockets,H,114,101,1422.4637,1439.6318,34.253422,1,13
62552,2015,Suns,Warriors,A,87,106,1576.5387,1570.9412,47.89904,0,-19
62552,2015,Warriors,Suns,H,106,87,1707.0234,1712.621,60.974583,1,19
62553,2015,Kings,Pacers,A,99,94,1385.1769,1396.7643,29.97296,1,5
62553,2015,Pacers,Kings,H,94,99,1446.6224,1435.035,33.785221,0,-5
62554,2015,Grizzlies,Thunder,H,85,74,1642.3866,1647.6029,55.370674,1,11
62554,2015,Thunder,Grizzlies,A,74,85,1569.3021,1564.0858,47.198311,0,-11
62555,2015,Trailblazers,Bucks,A,88,95,1616.8949,1608.5083,51.655773,0,-7
62555,2015,Bucks,Trailblazers,H,95,88,1517.7402,1526.1268,43.262161,1,7
62556,2015,Timberwolves,Cavaliers,H,90,106,1327.0869,1317.7262,22.771477,0,-16
62556,2015,Cavaliers,Timberwolves,A,106,90,1527.3264,1536.6871,44.364605,1,16
62557,2015,Magic,Mavericks,H,93,108,1312.1631,1306.4485,21.83461,0,-15
62557,2015,Mavericks,Magic,A,108,93,1607.3344,1613.049,52.098537,1,15
62558,2015,Spurs,Clippers,H,85,105,1650.5795,1627.3374,53.473289,0,-20
62558,2015,Clippers,Spurs,A,105,85,1643.8839,1667.126,57.134621,1,20
62559,2015,Raptors,Wizards,A,120,116,1586.8185,1594.8175,50.304928,1,4
62559,2015,Wizards,Raptors,H,116,120,1555.5394,1547.5404,45.492538,0,-4
62560,2015,Heat,Celtics,A,83,75,1465.98,1476.1661,38.029022,1,8
62560,2015,Celtics,Heat,H,75,83,1398.3381,1388.152,29.139984,0,-8
62561,2015,Lakers,Knicks,A,80,92,1374.7493,1365.4655,26.997768,0,-12
62561,2015,Knicks,Lakers,H,92,80,1332.6738,1341.9576,24.865866,1,12
62562,2015,Nets,Clippers,H,102,100,1422.1648,1429.7872,33.253086,1,2
62562,2015,Clippers,Nets,A,100,102,1667.126,1659.5035,56.453743,0,-2
62563,2015,Cavaliers,Sixers,H,97,84,1536.6871,1538.9731,44.602665,1,13
62563,2015,Sixers,Cavaliers,A,84,97,1289.2643,1286.9783,20.276117,0,-13
62564,2015,Timberwolves,Mavericks,A,94,100,1317.7262,1316.6316,22.679468,0,-6
62564,2015,Mavericks,Timberwolves,H,100,94,1613.049,1614.1436,52.204861,1,6
62565,2015,Hawks,Pelicans,A,100,115,1701.1826,1683.1669,58.533287,0,-15
62565,2015,Pelicans,Hawks,H,115,100,1514.265,1532.2808,43.905106,1,15
62566,2015,Thunder,Magic,H,104,97,1564.0858,1565.5664,47.349979,1,7
62566,2015,Magic,Thunder,A,97,104,1306.4485,1304.9679,21.713455,0,-7
62567,2015,Grizzlies,Suns,A,102,101,1647.6029,1651.9979,55.773449,1,1
62567,2015,Suns,Grizzlies,H,101,102,1570.9412,1566.5461,47.450245,0,-1
62568,2015,Raptors,Bucks,H,75,82,1594.8175,1580.7095,48.890305,0,-7
62568,2015,Bucks,Raptors,A,82,75,1526.1268,1540.2349,44.733955,1,7
62569,2015,Wizards,Hornets,H,88,92,1547.5404,1536.9955,44.396732,0,-4
62569,2015,Hornets,Wizards,A,92,88,1481.141,1491.6859,39.652248,1,4
62570,2015,Pistons,Heat,H,108,91,1439.6318,1451.0531,35.42432,1,17
62570,2015,Heat,Pistons,A,91,108,1476.1661,1464.7449,36.84013,0,-17
62571,2015,Celtics,Knicks,A,108,97,1388.152,1401.4265,30.42807,1,11
62571,2015,Knicks,Celtics,H,97,108,1341.9576,1328.6831,23.705013,0,-11
62572,2015,Nuggets,Sixers,A,98,105,1441.7427,1431.569,33.433464,0,-7
62572,2015,Sixers,Nuggets,H,105,98,1286.9783,1297.152,21.081049,1,7
62573,2015,Trailblazers,Jazz,H,103,102,1608.5083,1609.7616,51.778255,1,1
62573,2015,Jazz,Trailblazers,A,102,103,1452.912,1451.6587,35.486683,0,-1
62574,2015,Kings,Warriors,H,96,121,1396.7643,1389.4404,29.263947,0,-25
62574,2015,Warriors,Kings,A,121,96,1712.621,1719.9448,61.555115,1,25
62575,2015,Hawks,Wizards,H,105,96,1683.1669,1686.3405,58.804356,1,9
62575,2015,Wizards,Hawks,A,96,105,1536.9955,1533.8219,44.065907,0,-9
62576,2015,Celtics,Nuggets,H,104,100,1401.4265,1406.2278,30.899685,1,4
62576,2015,Nuggets,Celtics,A,100,104,1431.569,1426.7677,32.948109,0,-4
62577,2015,Mavericks,Warriors,A,114,128,1614.1436,1608.9706,51.700974,0,-14
62577,2015,Warriors,Mavericks,H,128,114,1719.9448,1725.1178,61.958649,1,14
62578,2015,Rockets,Bulls,H,101,90,1607.6675,1613.0773,52.101288,1,11
62578,2015,Bulls,Rockets,A,90,101,1542.0397,1536.6299,44.358643,0,-11
62579,2015,Pistons,Pacers,A,109,114,1451.0531,1446.0225,34.907322,0,-5
62579,2015,Pacers,Pistons,H,114,109,1435.035,1440.0657,34.297707,1,5
62580,2015,Lakers,Bucks,A,105,113,1365.4655,1362.9265,26.763031,0,-8
62580,2015,Bucks,Lakers,H,113,105,1540.2349,1542.7738,44.99791,1,8
62581,2015,Timberwolves,Heat,H,102,101,1316.6316,1321.4137,23.083118,1,1
62581,2015,Heat,Timberwolves,A,101,102,1464.7449,1459.9628,36.344311,0,-1
62582,2015,Thunder,Pelicans,A,102,91,1565.5664,1579.4052,48.758472,1,11
62582,2015,Pelicans,Thunder,H,91,102,1532.2808,1518.442,42.457745,0,-11
62583,2015,Magic,Spurs,A,103,110,1304.9679,1303.9515,21.630535,0,-7
62583,2015,Spurs,Magic,H,110,103,1627.3374,1628.3538,53.569958,1,7
62584,2015,Raptors,Nets,H,93,109,1580.7095,1552.2449,45.979427,0,-16
62584,2015,Nets,Raptors,A,109,93,1429.7872,1458.2518,36.167248,1,16
62585,2015,Jazz,Grizzlies,H,90,100,1451.6587,1444.752,34.777058,0,-10
62585,2015,Grizzlies,Jazz,A,100,90,1651.9979,1658.9047,56.399818,1,10
62586,2015,Hornets,Wizards,H,94,87,1491.6859,1498.3995,40.356045,1,7
62586,2015,Wizards,Hornets,A,87,94,1533.8219,1527.1083,43.364784,0,-7
62587,2015,Clippers,Cavaliers,A,94,105,1659.5035,1647.6476,55.374786,0,-11
62587,2015,Cavaliers,Clippers,H,105,94,1538.9731,1550.8291,45.833046,1,11
62588,2015,Suns,Trailblazers,A,87,108,1566.5461,1557.2761,46.498558,0,-21
62588,2015,Trailblazers,Suns,H,108,87,1609.7616,1619.0316,52.677662,1,21
62589,2015,Kings,Mavericks,H,78,101,1389.4404,1378.4089,28.210396,0,-23
62589,2015,Mavericks,Kings,A,101,78,1608.9706,1620.0021,52.771133,1,23
62590,2015,Warriors,Hawks,A,116,124,1725.1178,1717.972,61.399799,0,-8
62590,2015,Hawks,Warriors,H,124,116,1686.3405,1693.4862,59.407711,1,8
62591,2015,Sixers,Celtics,A,96,107,1297.152,1292.7966,20.733917,0,-11
62591,2015,Celtics,Sixers,H,107,96,1406.2278,1410.5831,31.329979,1,11
62592,2015,Nets,Knicks,H,92,88,1458.2518,1460.502,36.40015,1,4
62592,2015,Knicks,Nets,A,88,92,1328.6831,1326.433,23.511456,0,-4
62593,2015,Nuggets,Pistons,A,88,98,1426.7677,1420.4238,32.310417,0,-10
62593,2015,Pistons,Nuggets,H,98,88,1446.0225,1452.3663,35.559586,1,10
62594,2015,Rockets,Bucks,H,117,111,1613.0773,1616.7906,52.461311,1,6
62594,2015,Bucks,Rockets,A,111,117,1542.7738,1539.0604,44.611752,0,-6
62595,2015,Pacers,Cavaliers,H,103,99,1440.0657,1446.6426,34.970947,1,4
62595,2015,Cavaliers,Pacers,A,99,103,1550.8291,1544.2522,45.151455,0,-4
62596,2015,Grizzlies,Timberwolves,A,89,90,1658.9047,1650.9515,55.677849,0,-1
62596,2015,Timberwolves,Grizzlies,H,90,89,1321.4137,1329.3668,23.764013,1,1
62597,2015,Thunder,Pelicans,H,113,116,1579.4052,1570.2112,47.824615,0,-3
62597,2015,Pelicans,Thunder,A,116,113,1518.442,1527.636,43.419949,1,3
62598,2015,Lakers,Magic,A,97,103,1362.9265,1356.3195,26.15716,0,-6
62598,2015,Magic,Lakers,H,103,97,1303.9515,1310.5586,22.173189,1,6
62599,2015,Jazz,Suns,A,93,100,1444.752,1441.4827,34.442455,0,-7
62599,2015,Suns,Jazz,H,100,93,1557.2761,1560.5454,46.834938,1,7
62600,2015,Heat,Spurs,A,85,98,1459.9628,1456.4159,35.977448,0,-13
62600,2015,Spurs,Heat,H,98,85,1628.3538,1631.9006,53.906094,1,13
62601,2015,Clippers,Raptors,A,107,123,1647.6476,1633.8258,54.087742,0,-16
62601,2015,Raptors,Clippers,H,123,107,1552.2449,1566.0667,47.401184,1,16
62602,2015,Mavericks,Trailblazers,H,111,101,1620.0021,1626.8895,53.430641,1,10
62602,2015,Trailblazers,Mavericks,A,101,111,1619.0316,1612.1442,52.010529,0,-10
62603,2015,Bucks,Celtics,H,96,93,1539.0604,1541.0609,44.81987,1,3
62603,2015,Celtics,Bucks,A,93,96,1410.5831,1408.5826,31.132051,0,-3
62604,2015,Bulls,Pelicans,A,107,72,1536.6299,1569.7904,47.781693,1,35
62604,2015,Pelicans,Bulls,H,72,107,1527.636,1494.4755,39.944607,0,-35
62605,2015,Knicks,Warriors,H,92,106,1326.433,1323.1514,23.230871,0,-14
62605,2015,Warriors,Knicks,A,106,92,1717.972,1721.2537,61.657726,1,14
62606,2015,Hornets,Sixers,A,81,89,1498.3995,1485.5576,39.010494,0,-8
62606,2015,Sixers,Hornets,H,89,81,1292.7966,1305.6385,21.76828,1,8
62607,2015,Kings,Jazz,A,90,102,1378.4089,1372.6208,27.66489,0,-12
62607,2015,Jazz,Kings,H,102,90,1441.4827,1447.2708,35.035431,1,12
62608,2015,Wizards,Nets,H,114,77,1527.1083,1539.5781,44.665627,1,37
62608,2015,Nets,Wizards,A,77,114,1460.502,1448.0321,35.113625,0,-37
62609,2015,Hornets,Pacers,H,102,103,1485.5576,1479.2833,38.354465,0,-1
62609,2015,Pacers,Hornets,A,103,102,1446.6426,1452.9169,35.616329,1,1
62610,2015,Cavaliers,Lakers,H,120,105,1544.2522,1547.7561,45.514893,1,15
62610,2015,Lakers,Cavaliers,A,105,120,1356.3195,1352.8156,25.838827,0,-15
62611,2015,Timberwolves,Pistons,A,112,101,1329.3668,1350.3569,25.616714,1,11
62611,2015,Pistons,Timberwolves,H,101,112,1452.3663,1431.3762,33.413937,0,-11
62612,2015,Trailblazers,Rockets,A,109,98,1612.1442,1627.6755,53.505466,1,11
62612,2015,Rockets,Trailblazers,H,98,109,1616.7906,1601.2593,50.94339,0,-11
62613,2015,Hawks,Grizzlies,A,88,94,1693.4862,1687.3051,58.886372,0,-6
62613,2015,Grizzlies,Hawks,H,94,88,1650.9515,1657.1327,56.239899,1,6
62614,2015,Clippers,Thunder,A,108,131,1633.8258,1618.1006,52.587864,0,-23
62614,2015,Thunder,Clippers,H,131,108,1570.2112,1585.9364,49.416893,1,23
62615,2015,Bulls,Magic,A,98,97,1569.7904,1571.8386,47.990479,1,1
62615,2015,Magic,Bulls,H,97,98,1310.5586,1308.5104,22.004051,0,-1
62616,2015,Suns,Kings,A,83,85,1560.5454,1554.0601,46.166916,0,-2
62616,2015,Kings,Suns,H,85,83,1372.6208,1379.1062,28.276455,1,2
62617,2015,Spurs,Raptors,A,82,87,1631.9006,1625.7219,53.319324,0,-5
62617,2015,Raptors,Spurs,H,87,82,1566.0667,1572.2454,48.031898,1,5
62618,2015,Mavericks,Clippers,H,98,115,1626.8895,1605.9801,51.408073,0,-17
62618,2015,Clippers,Mavericks,A,115,98,1618.1006,1639.01,54.574043,1,17
62619,2015,Nuggets,Thunder,H,114,124,1420.4238,1412.4008,31.510231,0,-10
62619,2015,Thunder,Nuggets,A,124,114,1585.9364,1593.9595,50.219517,1,10
62620,2015,Pacers,Spurs,H,93,95,1452.9169,1449.2939,35.243317,0,-2
62620,2015,Spurs,Pacers,A,95,93,1625.7219,1629.3448,53.664074,1,2
62621,2015,Heat,Knicks,H,109,95,1456.4159,1460.9044,36.441841,1,14
62621,2015,Knicks,Heat,A,95,109,1323.1514,1318.6628,22.850389,0,-14
62622,2015,Bucks,Nets,H,103,97,1541.0609,1544.3787,45.164585,1,6
62622,2015,Nets,Bucks,A,97,103,1448.0321,1444.7144,34.773205,0,-6
62623,2015,Timberwolves,Hawks,H,105,117,1350.3569,1346.3739,25.259108,0,-12
62623,2015,Hawks,Timberwolves,A,117,105,1687.3051,1691.2881,59.223148,1,12
62624,2015,Jazz,Pelicans,A,100,96,1447.2708,1457.307,36.069542,1,4
62624,2015,Pelicans,Jazz,H,96,100,1494.4755,1484.4392,38.893471,0,-4
62625,2015,Warriors,Sixers,A,89,84,1721.2537,1722.8248,61.780445,1,5
62625,2015,Sixers,Warriors,H,84,89,1305.6385,1304.0674,21.639977,0,-5
62626,2015,Wizards,Magic,H,96,80,1539.5781,1542.4559,44.964882,1,16
62626,2015,Magic,Wizards,A,80,96,1308.5104,1305.6326,21.767792,0,-16
62627,2015,Kings,Bulls,A,86,104,1379.1062,1375.2456,27.911625,0,-18
62627,2015,Bulls,Kings,H,104,86,1571.8386,1575.6992,48.382992,1,18
62628,2015,Pistons,Hornets,A,106,78,1431.3762,1464.4424,36.808727,1,28
62628,2015,Hornets,Pistons,H,78,106,1479.2833,1446.2172,34.927296,0,-28
62629,2015,Nuggets,Lakers,A,106,96,1412.4008,1424.3669,32.706287,1,10
62629,2015,Lakers,Nuggets,H,96,106,1352.8156,1340.8494,24.767725,0,-10
62630,2015,Nets,Grizzlies,A,86,95,1444.7144,1442.5021,34.546696,0,-9
62630,2015,Grizzlies,Nets,H,95,86,1657.1327,1659.345,56.439472,1,9
62631,2015,Rockets,Suns,A,127,118,1601.2593,1612.9552,52.089424,1,9
62631,2015,Suns,Rockets,H,118,127,1554.0601,1542.3641,44.955341,0,-9
62632,2015,Celtics,Hawks,H,89,88,1408.5826,1415.5992,31.82836,1,1
62632,2015,Hawks,Celtics,A,88,89,1691.2881,1684.2715,58.627853,0,-1
62633,2015,Heat,Cavaliers,A,93,113,1460.9044,1453.6556,35.692505,0,-20
62633,2015,Cavaliers,Heat,H,113,93,1547.7561,1555.0049,46.26442,1,20
62634,2015,Jazz,Mavericks,A,82,87,1457.307,1455.0428,35.835644,0,-5
62634,2015,Mavericks,Jazz,H,87,82,1605.9801,1608.2443,51.62994,1,5
62635,2015,Pistons,Spurs,H,87,104,1464.4424,1453.0892,35.634098,0,-17
62635,2015,Spurs,Pistons,A,104,87,1629.3448,1640.698,54.731472,1,17
62636,2015,Rockets,Clippers,A,95,110,1612.9552,1604.9774,51.309612,0,-15
62636,2015,Clippers,Rockets,H,110,95,1639.01,1646.9878,55.314049,1,15
62637,2015,Kings,Bucks,A,103,111,1375.2456,1372.6279,27.665554,0,-8
62637,2015,Bucks,Kings,H,111,103,1544.3787,1546.9963,45.436146,1,8
62638,2015,Warriors,Timberwolves,A,94,91,1722.8248,1724.374,61.900963,1,3
62638,2015,Timberwolves,Warriors,H,91,94,1346.3739,1344.8247,25.12077,0,-3
62639,2015,Pelicans,Pacers,H,93,106,1484.4392,1465.6115,36.930115,0,-13
62639,2015,Pacers,Pelicans,A,106,93,1449.2939,1468.1217,37.190998,1,13
62640,2015,Thunder,Grizzlies,H,105,89,1593.9595,1606.2809,51.437588,1,16
62640,2015,Grizzlies,Thunder,A,89,105,1659.345,1647.0236,55.317341,0,-16
62641,2015,Magic,Knicks,H,89,83,1305.6326,1311.0895,22.217161,1,6
62641,2015,Knicks,Magic,A,83,89,1318.6628,1313.2059,22.393009,0,-6
62642,2015,Lakers,Trailblazers,A,86,102,1340.8494,1338.7585,24.583178,0,-16
62642,2015,Trailblazers,Lakers,H,102,86,1627.6755,1629.7664,53.704056,1,16
62643,2015,Wizards,Raptors,A,93,95,1542.4559,1539.6417,44.672245,0,-2
62643,2015,Raptors,Wizards,H,95,93,1572.2454,1575.0596,48.318054,1,2
62644,2015,Cavaliers,Bulls,A,98,113,1555.0049,1546.8285,45.418743,0,-15
62644,2015,Bulls,Cavaliers,H,113,98,1575.6992,1583.8756,49.209614,1,15
62645,2015,Spurs,Clippers,A,115,119,1640.698,1636.5988,54.348377,0,-4
62645,2015,Clippers,Spurs,H,119,115,1646.9878,1651.087,55.690239,1,4
62646,2015,Mavericks,Thunder,A,89,104,1608.2443,1599.192,50.739037,0,-15
62646,2015,Thunder,Mavericks,H,104,89,1606.2809,1615.3331,52.320229,1,15
62647,2015,Raptors,Hawks,A,105,80,1575.0596,1610.4866,51.84901,1,25
62647,2015,Hawks,Raptors,H,80,105,1684.2715,1648.8445,55.484783,0,-25
62648,2015,Mavericks,Rockets,H,111,100,1599.192,1606.7211,51.480755,1,11
62648,2015,Rockets,Mavericks,A,100,111,1604.9774,1597.4484,50.566277,0,-11
62649,2015,Pistons,Bulls,H,100,91,1453.0892,1463.9508,36.75771,1,9
62649,2015,Bulls,Pistons,A,91,100,1583.8756,1573.014,48.11013,0,-9
62650,2015,Spurs,Warriors,A,99,110,1636.5988,1631.7483,53.891693,0,-11
62650,2015,Warriors,Spurs,H,110,99,1724.374,1729.2245,62.275146,1,11
62651,2015,Nets,Lakers,A,114,105,1442.5021,1452.1023,35.532379,1,9
62651,2015,Lakers,Nets,H,105,114,1338.7585,1329.1583,23.746012,0,-9
62652,2015,Bucks,Nuggets,H,89,81,1546.9963,1550.3455,45.783009,1,8
62652,2015,Nuggets,Bucks,A,81,89,1424.3669,1421.0178,32.369946,0,-8
62653,2015,Suns,Timberwolves,A,109,111,1542.3641,1535.6895,44.260635,0,-2
62653,2015,Timberwolves,Suns,H,111,109,1344.8247,1351.4994,25.719795,1,2
62654,2015,Knicks,Heat,H,87,111,1313.2059,1297.2582,21.089561,0,-24
62654,2015,Heat,Knicks,A,111,87,1453.6556,1469.6034,37.345131,1,24
62655,2015,Magic,Pelicans,H,95,84,1311.0895,1324.3951,23.336977,1,11
62655,2015,Pelicans,Magic,A,84,95,1465.6115,1452.3058,35.553345,0,-11
62656,2015,Sixers,Pacers,H,95,106,1304.0674,1295.5023,20.949121,0,-11
62656,2015,Pacers,Sixers,A,106,95,1468.1217,1476.6868,38.083355,1,11
62657,2015,Kings,Celtics,H,109,101,1372.6279,1379.8984,28.351601,1,8
62657,2015,Celtics,Kings,A,101,109,1415.5992,1408.3287,31.106964,0,-8
62658,2015,Trailblazers,Jazz,A,76,92,1629.7664,1611.6467,51.962097,0,-16
62658,2015,Jazz,Trailblazers,H,92,76,1455.0428,1473.1625,37.715786,1,16
62659,2015,Cavaliers,Wizards,A,127,89,1546.8285,1582.2587,49.046669,1,38
62659,2015,Wizards,Cavaliers,H,89,127,1539.6417,1504.2115,40.965645,0,-38
62660,2015,Bulls,Suns,H,112,107,1573.014,1576.9714,48.512039,1,5
62660,2015,Suns,Bulls,A,107,112,1535.6895,1531.7321,43.847832,0,-5
62661,2015,Hornets,Thunder,H,103,110,1446.2172,1439.8104,34.271648,0,-7
62661,2015,Thunder,Hornets,A,110,103,1615.3331,1621.7399,52.938183,1,7
62662,2015,Raptors,Rockets,A,76,98,1610.4866,1598.1295,50.633808,0,-22
62662,2015,Rockets,Raptors,H,98,76,1597.4484,1609.8054,51.782532,1,22
62663,2015,Kings,Clippers,A,99,126,1379.8984,1376.6,28.039356,0,-27
62663,2015,Clippers,Kings,H,126,99,1651.087,1654.3855,55.990898,1,27
62664,2015,Pelicans,Heat,A,105,91,1452.3058,1471.1172,37.502712,1,14
62664,2015,Heat,Pelicans,H,91,105,1469.6034,1450.792,35.397438,0,-14
62665,2015,Mavericks,Hornets,H,92,81,1606.7211,1609.9341,51.795094,1,11
62665,2015,Hornets,Mavericks,A,81,92,1439.8104,1436.5974,33.944145,0,-11
62666,2015,Pistons,Wizards,H,106,89,1463.9508,1475.5499,37.964733,1,17
62666,2015,Wizards,Pistons,A,89,106,1504.2115,1492.6124,39.749336,0,-17
62667,2015,Warriors,Pacers,A,98,104,1729.2245,1716.7808,61.305634,0,-6
62667,2015,Pacers,Warriors,H,104,98,1476.6868,1489.1305,39.384548,1,6
62668,2015,Celtics,Lakers,A,111,118,1408.3287,1400.5493,30.342222,0,-7
62668,2015,Lakers,Celtics,H,118,111,1329.1583,1336.9377,24.423105,1,7
62669,2015,Hawks,Bucks,A,97,86,1648.8445,1659.9167,56.490917,1,11
62669,2015,Bucks,Hawks,H,86,97,1550.3455,1539.2732,44.633896,0,-11
62670,2015,Cavaliers,Knicks,A,101,83,1582.2587,1589.061,49.73032,1,18
62670,2015,Knicks,Cavaliers,H,83,101,1297.2582,1290.4558,20.548918,0,-18
62671,2015,Nuggets,Thunder,A,94,119,1421.0178,1416.3678,31.904978,0,-25
62671,2015,Thunder,Nuggets,H,119,94,1621.7399,1626.3899,53.383034,1,25
62672,2015,Magic,Sixers,H,103,98,1324.3951,1328.5109,23.690163,1,5
62672,2015,Sixers,Magic,A,98,103,1295.5023,1291.3866,20.622349,0,-5
62673,2015,Grizzlies,Trailblazers,A,98,92,1647.0236,1656.6772,56.198708,1,6
62673,2015,Trailblazers,Grizzlies,H,92,98,1611.6467,1601.993,51.0158,0,-6
62674,2015,Bulls,Bucks,H,87,71,1576.9714,1584.8634,49.309025,1,16
62674,2015,Bucks,Bulls,A,71,87,1539.2732,1531.3812,43.811207,0,-16
62675,2015,Nets,Nuggets,A,110,82,1452.1023,1478.0378,38.224392,1,28
62675,2015,Nuggets,Nets,H,82,110,1416.3678,1390.4323,29.359529,0,-28
62676,2015,Rockets,Timberwolves,H,113,102,1609.8054,1611.736,51.970787,1,11
62676,2015,Timberwolves,Rockets,A,102,113,1351.4994,1349.5688,25.545738,0,-11
62677,2015,Clippers,Grizzlies,H,87,90,1654.3855,1646.6588,55.283737,0,-3
62677,2015,Grizzlies,Clippers,A,90,87,1656.6772,1664.4039,56.892651,1,3
62678,2015,Sixers,Heat,A,108,119,1291.3866,1288.0411,20.359238,0,-11
62678,2015,Heat,Sixers,H,119,108,1450.792,1454.1375,35.742207,1,11
62679,2015,Pelicans,Raptors,H,100,97,1471.1172,1477.2747,38.144714,1,3
62679,2015,Raptors,Pelicans,A,97,100,1598.1295,1591.972,50.021362,0,-3
62680,2015,Celtics,Suns,A,115,110,1400.5493,1414.2083,31.689863,1,5
62680,2015,Suns,Celtics,H,110,115,1531.7321,1518.0731,42.419094,0,-5
62681,2015,Spurs,Jazz,A,81,90,1631.7483,1619.8298,52.754555,0,-9
62681,2015,Jazz,Spurs,H,90,81,1473.1625,1485.0809,38.960613,1,9
62682,2015,Raptors,Mavericks,A,92,99,1591.972,1586.7988,49.503506,0,-7
62682,2015,Mavericks,Raptors,H,99,92,1609.9341,1615.1073,52.29834,1,7
62683,2015,Pistons,Cavaliers,H,93,102,1475.5499,1466.2944,37.001064,0,-9
62683,2015,Cavaliers,Pistons,A,102,93,1589.061,1598.3165,50.65234,1,9
62684,2015,Pacers,Thunder,A,92,105,1489.1305,1484.9432,38.946205,0,-13
62684,2015,Thunder,Pacers,H,105,92,1626.3899,1630.5771,53.780888,1,13
62685,2015,Wizards,Warriors,H,107,114,1492.6124,1487.584,39.222603,0,-7
62685,2015,Warriors,Wizards,A,114,107,1716.7808,1721.8092,61.701176,1,7
62686,2015,Hawks,Mavericks,H,104,87,1659.9167,1667.8687,57.200409,1,17
62686,2015,Mavericks,Hawks,A,87,104,1615.1073,1607.1555,51.523338,0,-17
62687,2015,Celtics,Knicks,H,115,94,1414.2083,1420.4235,32.310383,1,21
62687,2015,Knicks,Celtics,A,94,115,1290.4558,1284.2406,20.063076,0,-21
62688,2015,Hornets,Bulls,A,98,86,1436.5974,1460.026,36.350861,1,12
62688,2015,Bulls,Hornets,H,86,98,1584.8634,1561.4348,46.926311,0,-12
62689,2015,Suns,Nuggets,A,110,96,1518.0731,1529.6576,43.631199,1,14
62689,2015,Nuggets,Suns,H,96,110,1390.4323,1378.8478,28.251963,0,-14
62690,2015,Rockets,Clippers,H,110,105,1611.736,1617.1866,52.499596,1,5
62690,2015,Clippers,Rockets,A,105,110,1646.6588,1641.2081,54.778957,0,-5
62691,2015,Bucks,Sixers,H,104,88,1531.3812,1534.0658,44.091343,1,16
62691,2015,Sixers,Bucks,A,88,104,1288.0411,1285.3566,20.149736,0,-16
62692,2015,Timberwolves,Wizards,H,97,77,1349.5688,1368.3041,27.261446,1,20
62692,2015,Wizards,Timberwolves,A,77,97,1487.584,1468.8488,37.266617,0,-20
62693,2015,Pelicans,Nets,H,102,96,1477.2747,1482.4463,38.685032,1,6
62693,2015,Nets,Pelicans,A,96,102,1478.0378,1472.8662,37.684914,0,-6
62694,2015,Heat,Magic,A,93,90,1454.1375,1459.2124,36.266636,1,3
62694,2015,Magic,Heat,H,90,93,1328.5109,1323.4359,23.255119,0,-3
62695,2015,Spurs,Trailblazers,A,95,111,1619.8298,1609.701,51.772343,0,-16
62695,2015,Trailblazers,Spurs,H,111,95,1601.993,1612.1218,52.008354,1,16
62696,2015,Kings,Grizzlies,H,102,90,1376.6,1397.0499,30.000759,1,12
62696,2015,Grizzlies,Kings,A,90,102,1664.4039,1643.954,55.033848,0,-12
62697,2015,Jazz,Lakers,H,97,100,1485.0809,1473.8275,37.78511,0,-3
62697,2015,Lakers,Jazz,A,100,97,1336.9377,1348.1912,25.421923,1,3
62698,2015,Warriors,Cavaliers,A,99,110,1721.8092,1709.8292,60.750473,0,-11
62698,2015,Cavaliers,Warriors,H,110,99,1598.3165,1610.2965,51.830467,1,11
62699,2015,Thunder,Suns,A,113,117,1630.5771,1624.2313,53.176922,0,-4
62699,2015,Suns,Thunder,H,117,113,1529.6576,1536.0034,44.293362,1,4
62700,2015,Hawks,Magic,H,95,88,1667.8687,1668.7607,57.279305,1,7
62700,2015,Magic,Hawks,A,88,95,1323.4359,1322.5438,23.179148,0,-7
62701,2015,Hornets,Celtics,A,98,106,1460.026,1452.8557,35.610023,0,-8
62701,2015,Celtics,Hornets,H,106,98,1420.4235,1427.5938,33.031452,1,8
62702,2015,Timberwolves,Bulls,A,89,96,1368.3041,1366.1763,27.063673,0,-7
62702,2015,Bulls,Timberwolves,H,96,89,1561.4348,1563.5626,47.144672,1,7
62703,2015,Nuggets,Jazz,H,82,104,1378.8478,1361.0129,26.586809,0,-22
62703,2015,Jazz,Nuggets,A,104,82,1473.8275,1491.6624,39.64978,1,22
62704,2015,Knicks,Pistons,A,121,115,1284.2406,1300.9231,21.38467,1,6
62704,2015,Pistons,Knicks,H,115,121,1466.2944,1449.6119,35.27602,0,-6
62705,2015,Rockets,Nets,H,102,98,1617.1866,1619.2689,52.700531,1,4
62705,2015,Nets,Rockets,A,98,102,1472.8662,1470.7839,37.468014,0,-4
62706,2015,Cavaliers,Pacers,A,86,93,1610.2965,1601.0841,50.926094,0,-7
62706,2015,Pacers,Cavaliers,H,93,86,1484.9432,1494.1556,39.911083,1,7
62707,2015,Bucks,Lakers,A,93,101,1534.0658,1521.955,42.825642,0,-8
62707,2015,Lakers,Bucks,H,101,93,1348.1912,1360.302,26.521492,1,8
62708,2015,Grizzlies,Clippers,H,79,97,1643.954,1622.5902,53.019764,0,-18
62708,2015,Clippers,Grizzlies,A,97,79,1641.2081,1662.5719,56.729057,1,18
62709,2015,Heat,Pelicans,A,102,104,1459.2124,1456.3119,35.966702,0,-2
62709,2015,Pelicans,Heat,H,104,102,1482.4463,1485.3468,38.988434,1,2
62710,2015,Sixers,Wizards,H,89,81,1285.3566,1297.3798,21.099308,1,8
62710,2015,Wizards,Sixers,A,81,89,1468.8488,1456.8256,36.019779,0,-8
62711,2015,Thunder,Trailblazers,A,112,115,1624.2313,1620.3019,52.799984,0,-3
62711,2015,Trailblazers,Thunder,H,115,112,1612.1218,1616.0513,52.389778,1,3
62712,2015,Kings,Spurs,H,96,107,1397.0499,1390.1139,29.328833,0,-11
62712,2015,Spurs,Kings,A,107,96,1609.701,1616.6371,52.446461,1,11
62713,2015,Raptors,Warriors,H,89,113,1586.7988,1569.7239,47.774902,0,-24
62713,2015,Warriors,Raptors,A,113,89,1709.8292,1726.9042,62.096745,1,24
62714,2015,Mavericks,Nets,H,94,104,1607.1555,1586.7853,49.502148,0,-10
62714,2015,Nets,Mavericks,A,104,94,1470.7839,1491.1542,39.596535,1,10
62715,2015,Hawks,Heat,A,93,91,1668.7607,1671.8071,57.547642,1,2
62715,2015,Heat,Hawks,H,91,93,1456.3119,1453.2655,35.652271,0,-2
62716,2015,Grizzlies,Timberwolves,A,101,97,1622.5902,1625.8389,53.330482,1,4
62716,2015,Timberwolves,Grizzlies,H,97,101,1366.1763,1362.9276,26.763132,0,-4
62717,2015,Knicks,Raptors,H,103,98,1300.9231,1312.7279,22.353216,1,5
62717,2015,Raptors,Knicks,A,98,103,1569.7239,1557.9191,46.56477,0,-5
62718,2015,Suns,Spurs,H,74,101,1536.0034,1514.2789,42.021458,0,-27
62718,2015,Spurs,Suns,A,101,74,1616.6371,1638.3616,54.513447,1,27
62719,2015,Bucks,Jazz,A,75,82,1521.955,1515.5642,42.156181,0,-7
62719,2015,Jazz,Bucks,H,82,75,1491.6624,1498.0531,40.319714,1,7
62720,2015,Pistons,Wizards,A,95,99,1449.6119,1445.5297,34.856777,0,-4
62720,2015,Wizards,Pistons,H,99,95,1456.8256,1460.9078,36.442196,1,4
62721,2015,Warriors,Celtics,A,106,101,1726.9042,1729.8295,62.32148,1,5
62721,2015,Celtics,Warriors,H,101,106,1427.5938,1424.6685,32.736626,0,-5
62722,2015,Clippers,Bulls,A,96,86,1662.5719,1672.9873,57.651146,1,10
62722,2015,Bulls,Clippers,H,86,96,1563.5626,1553.1472,46.072655,0,-10
62723,2015,Nuggets,Pelicans,H,92,99,1361.0129,1353.3379,25.88615,0,-7
62723,2015,Pelicans,Nuggets,A,99,92,1485.3468,1493.0219,39.792244,1,7
62724,2015,Cavaliers,Rockets,A,103,105,1601.0841,1598.116,50.632465,0,-2
62724,2015,Rockets,Cavaliers,H,105,103,1619.2689,1622.2371,52.985897,1,2
62725,2015,Pacers,Sixers,H,94,74,1494.1556,1498.2162,40.336815,1,20
62725,2015,Sixers,Pacers,A,74,94,1297.3798,1293.3192,20.775368,0,-20
62726,2015,Lakers,Thunder,H,101,108,1360.302,1356.0547,26.133034,0,-7
62726,2015,Thunder,Lakers,A,108,101,1620.3019,1624.5492,53.207314,1,7
62727,2015,Magic,Hornets,H,83,98,1322.5438,1310.543,22.171896,0,-15
62727,2015,Hornets,Magic,A,98,83,1452.8557,1464.8566,36.851727,1,15
62728,2015,Kings,Trailblazers,H,99,110,1390.1139,1383.5856,28.702568,0,-11
62728,2015,Trailblazers,Kings,A,110,99,1616.0513,1622.5796,53.018745,1,11
62729,2015,Warriors,Nets,A,108,110,1729.8295,1722.3337,61.742142,0,-2
62729,2015,Nets,Warriors,H,110,108,1491.1542,1498.6499,40.382301,1,2
62730,2015,Mavericks,Pelicans,H,102,93,1586.7853,1590.9462,49.9189,1,9
62730,2015,Pelicans,Mavericks,A,93,102,1493.0219,1488.861,39.356319,0,-9
62731,2015,Heat,Suns,H,115,98,1453.2655,1465.8827,36.958286,1,17
62731,2015,Suns,Heat,A,98,115,1514.2789,1501.6617,40.698189,0,-17
62732,2015,Clippers,Timberwolves,A,110,105,1672.9873,1675.7568,57.89304,1,5
62732,2015,Timberwolves,Clippers,H,105,110,1362.9276,1360.1581,26.50828,0,-5
62733,2015,Sixers,Raptors,H,103,114,1293.3192,1287.8823,20.346804,0,-11
62733,2015,Raptors,Sixers,A,114,103,1557.9191,1563.356,47.123482,1,11
62734,2015,Hawks,Rockets,H,104,96,1671.8071,1676.626,57.968662,1,8
62734,2015,Rockets,Hawks,A,96,104,1622.2371,1617.4182,52.521969,0,-8
62735,2015,Bulls,Wizards,H,97,92,1553.1472,1556.1786,46.38546,1,5
62735,2015,Wizards,Bulls,A,92,97,1460.9078,1457.8765,36.128422,0,-5
62736,2015,Lakers,Hornets,A,103,104,1356.0547,1354.4537,25.987398,0,-1
62736,2015,Hornets,Lakers,H,104,103,1464.8566,1466.4575,37.018009,1,1
62737,2015,Celtics,Cavaliers,A,79,110,1424.6685,1418.3612,32.104012,0,-31
62737,2015,Cavaliers,Celtics,H,110,79,1598.116,1604.4232,51.255135,1,31
62738,2015,Nuggets,Bucks,H,106,95,1353.3379,1366.9797,27.138268,1,11
62738,2015,Bucks,Nuggets,A,95,106,1515.5642,1501.9224,40.725525,0,-11
62739,2015,Grizzlies,Jazz,H,82,93,1625.8389,1604.6254,51.275009,0,-11
62739,2015,Jazz,Grizzlies,A,93,82,1498.0531,1519.2666,42.544121,1,11
62740,2015,Kings,Knicks,A,124,86,1383.5856,1412.4467,31.514788,1,38
62740,2015,Knicks,Kings,H,86,124,1312.7279,1283.8668,20.034105,0,-38
62741,2015,Celtics,Jazz,H,85,84,1418.3612,1422.4166,32.510281,1,1
62741,2015,Jazz,Celtics,A,84,85,1519.2666,1515.2112,42.119179,0,-1
62742,2015,Hornets,Nets,A,115,91,1466.4575,1494.8438,39.983215,1,24
62742,2015,Nets,Hornets,H,91,115,1498.6499,1470.2637,37.413853,0,-24
62743,2015,Warriors,Bucks,H,102,93,1722.3337,1724.4493,61.906811,1,9
62743,2015,Bucks,Warriors,A,93,102,1501.9224,1499.8068,40.503628,0,-9
62744,2015,Rockets,Grizzlies,H,100,102,1617.4182,1610.441,51.84457,0,-2
62744,2015,Grizzlies,Rockets,A,102,100,1604.6254,1611.6025,51.95779,1,2
62745,2015,Pacers,Knicks,H,105,82,1498.2162,1502.2787,40.762897,1,23
62745,2015,Knicks,Pacers,A,82,105,1283.8668,1279.8043,19.721075,0,-23
62746,2015,Trailblazers,Clippers,A,98,93,1622.5796,1633.9231,54.096905,1,5
62746,2015,Clippers,Trailblazers,H,93,98,1675.7568,1664.4133,56.893486,0,-5
62747,2015,Heat,Lakers,H,100,94,1465.8827,1468.9047,37.27243,1,6
62747,2015,Lakers,Heat,A,94,100,1354.4537,1351.4318,25.713688,0,-6
62748,2015,Timberwolves,Nuggets,H,85,100,1360.1581,1341.7996,24.851854,0,-15
62748,2015,Nuggets,Timberwolves,A,100,85,1366.9797,1385.3383,28.870102,1,15
62749,2015,Pistons,Pelicans,A,85,88,1445.5297,1442.4734,34.543758,0,-3
62749,2015,Pelicans,Pistons,H,88,85,1488.861,1491.9172,39.676487,1,3
62750,2015,Sixers,Thunder,A,118,123,1287.8823,1287.101,20.2857,0,-5
62750,2015,Thunder,Sixers,H,123,118,1624.5492,1625.3306,53.281967,1,5
62751,2015,Suns,Magic,A,105,100,1501.6617,1506.5392,41.209801,1,5
62751,2015,Magic,Suns,H,100,105,1310.543,1305.6655,21.770487,0,-5
62752,2015,Spurs,Kings,H,112,85,1638.3616,1642.6309,54.911179,1,27
62752,2015,Kings,Spurs,A,85,112,1412.4467,1408.1774,31.092012,0,-27
62753,2015,Cavaliers,Raptors,A,120,112,1604.4232,1615.5527,52.341503,1,8
62753,2015,Raptors,Cavaliers,H,112,120,1563.356,1552.2264,45.97752,0,-8
62754,2015,Bulls,Thunder,H,108,105,1556.1786,1561.1514,46.897198,1,3
62754,2015,Thunder,Bulls,A,105,108,1625.3306,1620.3578,52.805363,0,-3
62755,2015,Trailblazers,Mavericks,H,94,75,1633.9231,1642.5796,54.906418,1,19
62755,2015,Mavericks,Trailblazers,A,75,94,1590.9462,1582.2897,49.049797,0,-19
62756,2015,Cavaliers,Hawks,A,97,106,1615.5527,1610.6638,51.866299,0,-9
62756,2015,Hawks,Cavaliers,H,106,97,1676.626,1681.5149,58.391438,1,9
62757,2015,Suns,Nets,A,108,100,1506.5392,1517.8416,42.394833,1,8
62757,2015,Nets,Suns,H,100,108,1470.2637,1458.9613,36.240646,0,-8
62758,2015,Hornets,Raptors,H,103,94,1494.8438,1503.1078,40.849865,1,9
62758,2015,Raptors,Hornets,A,94,103,1552.2264,1543.9624,45.121365,0,-9
62759,2015,Warriors,Mavericks,H,104,89,1724.4493,1728.9331,62.252804,1,15
62759,2015,Mavericks,Warriors,A,89,104,1582.2897,1577.8059,48.5966,0,-15
62760,2015,Rockets,Pistons,H,103,93,1610.441,1613.4519,52.137695,1,10
62760,2015,Pistons,Rockets,A,93,103,1442.4734,1439.4625,34.236145,0,-10
62761,2015,Pacers,Bulls,H,98,84,1502.2787,1513.2635,41.915009,1,14
62761,2015,Bulls,Pacers,A,84,98,1561.1514,1550.1665,45.764492,0,-14
62762,2015,Grizzlies,Lakers,H,97,90,1611.6025,1613.0618,52.099781,1,7
62762,2015,Lakers,Grizzlies,A,90,97,1351.4318,1349.9725,25.582081,0,-7
62763,2015,Celtics,Pelicans,A,104,98,1422.4166,1435.4105,33.823395,1,6
62763,2015,Pelicans,Celtics,H,98,104,1491.9172,1478.9233,38.316864,0,-6
62764,2015,Kings,Magic,A,114,119,1408.1774,1401.0748,30.393641,0,-5
62764,2015,Magic,Kings,H,119,114,1305.6655,1312.7681,22.356558,1,5
62765,2015,Sixers,Jazz,H,83,89,1287.101,1282.5621,19.933208,0,-6
62765,2015,Jazz,Sixers,A,89,83,1515.2112,1519.75,42.594753,1,6
62766,2015,Nuggets,Spurs,A,111,120,1385.3383,1383.6218,28.706028,0,-9
62766,2015,Spurs,Nuggets,H,120,111,1642.6309,1644.3473,55.070259,1,9
62767,2015,Heat,Wizards,A,97,99,1468.9047,1465.5244,36.921074,0,-2
62767,2015,Wizards,Heat,H,99,97,1457.8765,1461.2567,36.47834,1,2
62768,2015,Cavaliers,Suns,H,89,79,1610.6638,1615.121,52.299667,1,10
62768,2015,Suns,Cavaliers,A,79,89,1517.8416,1513.3844,41.927677,0,-10
62769,2015,Rockets,Nuggets,A,114,100,1613.4519,1620.9414,52.861481,1,14
62769,2015,Nuggets,Rockets,H,100,114,1383.6218,1376.1323,27.99522,0,-14
62770,2015,Heat,Kings,H,114,109,1465.5244,1469.0017,37.282528,1,5
62770,2015,Kings,Heat,A,109,114,1401.0748,1397.5975,30.054087,0,-5
62771,2015,Wizards,Bucks,A,85,91,1461.2567,1456.9332,36.030907,0,-6
62771,2015,Bucks,Wizards,H,91,85,1499.8068,1504.1302,40.957119,1,6
62772,2015,Timberwolves,Trailblazers,H,121,113,1341.7996,1358.2533,26.33374,1,8
62772,2015,Trailblazers,Timberwolves,A,113,121,1642.5796,1626.1259,53.357857,0,-8
62773,2015,Pelicans,Grizzlies,H,95,89,1478.9233,1487.6519,39.22971,1,6
62773,2015,Grizzlies,Pelicans,A,89,95,1613.0618,1604.3333,51.246288,0,-6
62774,2015,Knicks,Pacers,H,86,92,1279.8043,1275.3767,19.383736,0,-6
62774,2015,Pacers,Knicks,A,92,86,1513.2635,1517.6912,42.379078,1,6
62775,2015,Sixers,Hawks,H,92,84,1282.5621,1302.8069,21.537394,1,8
62775,2015,Hawks,Sixers,A,84,92,1681.5149,1661.2701,56.612453,0,-8
62776,2015,Nets,Jazz,H,88,95,1458.9613,1449.3,35.243946,0,-7
62776,2015,Jazz,Nets,A,95,88,1519.75,1529.4113,43.605465,1,7
62777,2015,Pistons,Hornets,H,101,108,1439.4625,1429.8944,33.263927,0,-7
62777,2015,Hornets,Pistons,A,108,101,1503.1078,1512.6759,41.853394,1,7
62778,2015,Warriors,Clippers,H,106,98,1728.9331,1733.4178,62.59478,1,8
62778,2015,Clippers,Warriors,A,98,106,1664.4133,1659.9286,56.491982,0,-8
62779,2015,Mavericks,Lakers,A,100,93,1577.8059,1582.7502,49.096237,1,7
62779,2015,Lakers,Mavericks,H,93,100,1349.9725,1345.0282,25.138916,0,-7
62780,2015,Thunder,Raptors,H,108,104,1620.3578,1623.3054,53.088303,1,4
62780,2015,Raptors,Thunder,A,104,108,1543.9624,1541.0148,44.815071,0,-4
62781,2015,Celtics,Magic,A,98,103,1435.4105,1427.7769,33.049934,0,-5
62781,2015,Magic,Celtics,H,103,98,1312.7681,1320.4017,22.997337,1,5
62782,2015,Spurs,Bulls,H,116,105,1644.3473,1649.0444,55.503136,1,11
62782,2015,Bulls,Spurs,A,105,116,1550.1665,1545.4694,45.277782,0,-11
62783,2015,Kings,Hawks,A,105,130,1397.5975,1394.3383,29.737284,0,-25
62783,2015,Hawks,Kings,H,130,105,1661.2701,1664.5294,56.903831,1,25
62784,2015,Grizzlies,Bulls,A,101,91,1604.3333,1616.3285,52.416607,1,10
62784,2015,Bulls,Grizzlies,H,91,101,1545.4694,1533.4741,44.029625,0,-10
62785,2015,Hornets,Wizards,H,69,95,1512.6759,1480.681,38.500504,0,-26
62785,2015,Wizards,Hornets,A,95,69,1456.9332,1488.9281,39.36335,1,26
62786,2015,Knicks,Nuggets,A,78,106,1275.3767,1266.7943,18.741262,0,-28
62786,2015,Nuggets,Knicks,H,106,78,1376.1323,1384.7147,28.810448,1,28
62787,2015,Timberwolves,Clippers,A,76,89,1358.2533,1356.582,26.181099,0,-13
62787,2015,Clippers,Timberwolves,H,89,76,1659.9286,1661.5999,56.642017,1,13
62788,2015,Heat,Celtics,H,90,100,1469.0017,1452.7926,35.603519,0,-10
62788,2015,Celtics,Heat,A,100,90,1427.7769,1443.986,34.698582,1,10
62789,2015,Bucks,Pelicans,H,103,114,1504.1302,1488.0624,39.272694,0,-11
62789,2015,Pelicans,Bucks,A,114,103,1487.6519,1503.7197,40.914055,1,11
62790,2015,Suns,Warriors,H,80,98,1513.3844,1504.1068,40.954659,0,-18
62790,2015,Warriors,Suns,A,98,80,1733.4178,1742.6954,63.289169,1,18
62791,2015,Nets,Pelicans,H,91,111,1449.3,1430.0823,33.282932,0,-20
62791,2015,Pelicans,Nets,A,111,91,1503.7197,1522.9375,42.92849,1,20
62792,2015,Mavericks,Cavaliers,H,94,127,1582.7502,1553.2043,46.078556,0,-33
62792,2015,Cavaliers,Mavericks,A,127,94,1615.121,1644.6669,55.099827,1,33
62793,2015,Magic,Pacers,A,86,118,1320.4017,1314.7363,22.520704,0,-32
62793,2015,Pacers,Magic,H,118,86,1517.6912,1523.3566,42.972347,1,32
62794,2015,Lakers,Pistons,H,93,85,1345.0282,1353.6084,25.910675,1,8
62794,2015,Pistons,Lakers,A,85,93,1429.8944,1421.3142,32.399662,0,-8
62795,2015,Spurs,Raptors,H,117,107,1649.0444,1653.1711,55.880421,1,10
62795,2015,Raptors,Spurs,A,107,117,1541.0148,1536.8881,44.38554,0,-10
62796,2015,Jazz,Knicks,H,87,82,1529.4113,1530.6149,43.731186,1,5
62796,2015,Knicks,Jazz,A,82,87,1266.7943,1265.5907,18.652369,0,-5
62797,2015,Celtics,Grizzlies,H,95,92,1443.986,1451.1381,35.433067,1,3
62797,2015,Grizzlies,Celtics,A,92,95,1616.3285,1609.1764,51.721088,0,-3
62798,2015,Hornets,Kings,H,106,113,1480.681,1465.9479,36.965057,0,-7
62798,2015,Kings,Hornets,A,113,106,1394.3383,1409.0714,31.180365,1,7
62799,2015,Hawks,Nuggets,A,102,115,1664.5294,1643.4084,54.983307,0,-13
62799,2015,Nuggets,Hawks,H,115,102,1384.7147,1405.8357,30.861063,1,13
62800,2015,Warriors,Pistons,H,105,98,1742.6954,1743.7177,63.364601,1,7
62800,2015,Pistons,Warriors,A,98,105,1421.3142,1420.292,32.297211,0,-7
62801,2015,Nets,Heat,A,98,104,1430.0823,1425.4293,32.813225,0,-6
62801,2015,Heat,Nets,H,104,98,1452.7926,1457.4456,36.083866,1,6
62802,2015,Magic,Bucks,A,91,97,1314.7363,1312.5569,22.338991,0,-6
62802,2015,Bucks,Magic,H,97,91,1488.0624,1490.2418,39.50095,1,6
62803,2015,Thunder,Clippers,H,108,120,1623.3054,1608.9136,51.6954,0,-12
62803,2015,Clippers,Thunder,A,120,108,1661.5999,1675.9917,57.91349,1,12
62804,2015,Bulls,Sixers,A,104,95,1533.4741,1539.1202,44.617977,1,9
62804,2015,Sixers,Bulls,H,95,104,1302.8069,1297.1608,21.081753,0,-9
62805,2015,Suns,Timberwolves,H,106,97,1504.1068,1507.2577,41.285168,1,9
62805,2015,Timberwolves,Suns,A,97,106,1356.582,1353.4312,25.894604,0,-9
62806,2015,Trailblazers,Rockets,H,105,100,1626.1259,1630.7097,53.793442,1,5
62806,2015,Rockets,Trailblazers,A,100,105,1620.9414,1616.3575,52.419418,0,-5
62807,2015,Pacers,Bucks,H,109,103,1523.3566,1527.7913,43.43618,1,6
62807,2015,Bucks,Pacers,A,103,109,1490.2418,1485.8071,39.036606,0,-6
62808,2015,Knicks,Lakers,A,101,94,1265.5907,1280.3832,19.765472,1,7
62808,2015,Lakers,Knicks,H,94,101,1353.6084,1338.8159,24.58823,0,-7
62809,2015,Cavaliers,Spurs,A,128,125,1644.6669,1652.641,55.832111,1,3
62809,2015,Spurs,Cavaliers,H,125,128,1653.1711,1645.197,55.148838,0,-3
62810,2015,Jazz,Rockets,H,109,91,1530.6149,1545.056,45.23489,1,18
62810,2015,Rockets,Jazz,A,91,109,1616.3575,1601.9164,51.008236,0,-18
62811,2015,Grizzlies,Wizards,A,87,107,1609.1764,1591.5571,49.979935,0,-20
62811,2015,Wizards,Grizzlies,H,107,87,1488.9281,1506.5474,41.210659,1,20
62812,2015,Magic,Celtics,A,88,95,1312.5569,1309.7018,22.102335,0,-7
62812,2015,Celtics,Magic,H,95,88,1451.1381,1453.9932,35.727322,1,7
62813,2015,Hornets,Bulls,H,101,91,1465.9479,1475.3245,37.941212,1,10
62813,2015,Bulls,Hornets,A,91,101,1539.1202,1529.7437,43.64019,0,-10
62814,2015,Mavericks,Clippers,H,129,99,1553.2043,1576.934,48.50824,1,30
62814,2015,Clippers,Mavericks,A,99,129,1675.9917,1652.2621,55.797558,0,-30
62815,2015,Nuggets,Warriors,H,114,103,1405.8357,1427.5206,33.024071,1,11
62815,2015,Warriors,Nuggets,A,103,114,1743.7177,1722.0327,61.718639,0,-11
62816,2015,Thunder,Timberwolves,H,113,99,1608.9136,1611.2052,51.919079,1,14
62816,2015,Timberwolves,Thunder,A,99,113,1353.4312,1351.1395,25.687302,0,-14
62817,2015,Sixers,Kings,H,114,107,1297.1608,1305.9456,21.793407,1,7
62817,2015,Kings,Sixers,A,107,114,1409.0714,1400.2866,30.316534,0,-7
62818,2015,Hawks,Suns,A,96,87,1643.4084,1651.8879,55.763412,1,9
62818,2015,Suns,Hawks,H,87,96,1507.2577,1498.7783,40.395767,0,-9
62819,2015,Trailblazers,Pistons,H,118,99,1630.7097,1634.3429,54.136436,1,19
62819,2015,Pistons,Trailblazers,A,99,118,1420.292,1416.6588,31.934006,0,-19
62820,2015,Raptors,Heat,H,102,92,1536.8881,1541.6526,44.881386,1,10
62820,2015,Heat,Raptors,A,92,102,1457.4456,1452.681,35.592018,0,-10
62821,2015,Knicks,Warriors,A,94,125,1280.3832,1279.0592,19.664024,0,-31
62821,2015,Warriors,Knicks,H,125,94,1722.0327,1723.3567,61.821877,1,31
62822,2015,Pacers,Celtics,H,89,93,1527.7913,1517.0497,42.311859,0,-4
62822,2015,Celtics,Pacers,A,93,89,1453.9932,1464.7347,36.839077,1,4
62823,2015,Bucks,Grizzlies,A,83,96,1485.8071,1480.8778,38.521069,0,-13
62823,2015,Grizzlies,Bucks,H,96,83,1591.5571,1596.4865,50.470814,1,13
62824,2015,Nets,Sixers,A,94,87,1425.4293,1433.2489,33.603813,1,7
62824,2015,Sixers,Nets,H,87,94,1305.9456,1298.126,21.159197,0,-7
62825,2015,Jazz,Pistons,H,88,85,1545.056,1547.0574,45.442471,1,3
62825,2015,Pistons,Jazz,A,85,88,1416.6588,1414.6575,31.734566,0,-3
62826,2015,Kings,Wizards,A,97,113,1400.2866,1394.6455,29.767088,0,-16
62826,2015,Wizards,Kings,H,113,97,1506.5474,1512.1885,41.802288,1,16
62827,2015,Clippers,Rockets,H,98,100,1652.2621,1644.5309,55.087246,0,-2
62827,2015,Rockets,Clippers,A,100,98,1601.9164,1609.6476,51.76712,1,2
62828,2015,Lakers,Hawks,H,86,91,1338.8159,1336.0887,24.348671,0,-5
62828,2015,Hawks,Lakers,A,91,86,1651.8879,1654.6151,56.011761,1,5
62829,2015,Pelicans,Nuggets,H,111,118,1522.9375,1507.8823,41.350685,0,-7
62829,2015,Nuggets,Pelicans,A,118,111,1427.5206,1442.5758,34.554237,1,7
62830,2015,Bulls,Thunder,A,100,109,1529.7437,1525.3191,43.177681,0,-9
62830,2015,Thunder,Bulls,H,109,100,1611.2052,1615.6298,52.348965,1,9
62831,2015,Magic,Cavaliers,H,108,123,1309.7018,1305.2365,21.735397,0,-15
62831,2015,Cavaliers,Magic,A,123,108,1652.641,1657.1063,56.237514,1,15
62832,2015,Knicks,Suns,A,89,102,1279.0592,1276.3857,19.460262,0,-13
62832,2015,Suns,Knicks,H,102,89,1498.7783,1501.4518,40.676167,1,13
62833,2015,Spurs,Timberwolves,H,123,97,1645.197,1648.0088,55.408005,1,26
62833,2015,Timberwolves,Spurs,A,97,123,1351.1395,1348.3278,25.434185,0,-26
62834,2015,Raptors,Trailblazers,H,97,113,1541.6526,1527.2139,43.37582,0,-16
62834,2015,Trailblazers,Raptors,A,113,97,1634.3429,1648.7816,55.479012,1,16
62835,2015,Celtics,Sixers,H,108,89,1464.7347,1469.355,37.319283,1,19
62835,2015,Sixers,Celtics,A,89,108,1298.126,1293.5057,20.790176,0,-19
62836,2015,Thunder,Mavericks,A,115,119,1615.6298,1610.6539,51.865334,0,-4
62836,2015,Mavericks,Thunder,H,119,115,1576.934,1581.9098,49.011478,1,4
62837,2015,Lakers,Warriors,A,105,108,1336.0887,1335.6298,24.308487,0,-3
62837,2015,Warriors,Lakers,H,108,105,1723.3567,1723.8157,61.857582,1,3
62838,2015,Raptors,Pacers,A,117,98,1527.2139,1548.5543,45.597588,1,19
62838,2015,Pacers,Raptors,H,98,117,1517.0497,1495.7092,40.073948,0,-19
62839,2015,Nuggets,Grizzlies,A,81,92,1442.5758,1439.1305,34.202267,0,-11
62839,2015,Grizzlies,Nuggets,H,92,81,1596.4865,1599.9318,50.812222,1,11
62840,2015,Cavaliers,Heat,A,92,106,1657.1063,1638.9767,54.57093,0,-14
62840,2015,Heat,Cavaliers,H,106,92,1452.681,1470.8107,37.470798,1,14
62841,2015,Timberwolves,Nets,H,106,122,1348.3278,1333.4803,24.120813,0,-16
62841,2015,Nets,Timberwolves,A,122,106,1433.2489,1448.0963,35.12022,1,16
62842,2015,Hawks,Kings,A,110,103,1654.6151,1658.863,56.396069,1,7
62842,2015,Kings,Hawks,H,103,110,1394.6455,1390.3976,29.356186,0,-7
62843,2015,Hornets,Jazz,A,66,94,1475.3245,1465.4064,36.908817,0,-28
62843,2015,Jazz,Hornets,H,94,66,1547.0574,1556.9755,46.467583,1,28
62844,2015,Trailblazers,Wizards,A,97,105,1648.7816,1638.447,54.521435,0,-8
62844,2015,Wizards,Trailblazers,H,105,97,1512.1885,1522.5231,42.885113,1,8
62845,2015,Pistons,Grizzlies,H,105,95,1414.6575,1428.4747,33.120411,1,10
62845,2015,Grizzlies,Pistons,A,95,105,1599.9318,1586.1145,49.434788,0,-10
62846,2015,Magic,Rockets,A,94,107,1305.2365,1303.5917,21.601225,0,-13
62846,2015,Rockets,Magic,H,107,94,1609.6476,1611.2924,51.927574,1,13
62847,2015,Clippers,Hornets,H,99,92,1644.5309,1646.8284,55.299362,1,7
62847,2015,Hornets,Clippers,A,92,99,1465.4064,1463.1089,36.670361,0,-7
62848,2015,Bucks,Pelicans,A,84,85,1480.8778,1478.4932,38.271938,0,-1
62848,2015,Pelicans,Bucks,H,85,84,1507.8823,1510.267,41.600788,1,1
62849,2015,Spurs,Knicks,A,100,104,1648.0088,1634.6464,54.164993,0,-4
62849,2015,Knicks,Spurs,H,104,100,1276.3857,1289.7482,20.49321,1,4
62850,2015,Pacers,Bulls,A,86,103,1495.7092,1487.1711,39.179382,0,-17
62850,2015,Bulls,Pacers,H,103,86,1525.3191,1533.8572,44.069584,1,17
62851,2015,Cavaliers,Nets,H,117,92,1638.9767,1643.8861,55.027565,1,25
62851,2015,Nets,Cavaliers,A,92,117,1448.0963,1443.1869,34.616768,0,-25
62852,2015,Magic,Mavericks,A,102,107,1303.5917,1302.4922,21.511831,0,-5
62852,2015,Mavericks,Magic,H,107,102,1581.9098,1583.0093,49.122345,1,5
62853,2015,Hawks,Warriors,A,95,114,1658.863,1651.0712,55.688786,0,-19
62853,2015,Warriors,Hawks,H,114,95,1723.8157,1731.6075,62.45723,1,19
62854,2015,Heat,Trailblazers,H,108,104,1470.8107,1478.7822,38.302128,1,4
62854,2015,Trailblazers,Heat,A,104,108,1638.447,1630.4755,53.771259,0,-4
62855,2015,Bucks,Spurs,H,103,114,1478.4932,1469.6437,37.349323,0,-11
62855,2015,Spurs,Bucks,A,114,103,1634.6464,1643.4958,54.991405,1,11
62856,2015,Thunder,Celtics,H,122,118,1610.6539,1612.7698,52.071392,1,4
62856,2015,Celtics,Thunder,A,118,122,1469.355,1467.2391,37.099239,0,-4
62857,2015,Sixers,Pistons,H,94,83,1293.5057,1305.9703,21.795437,1,11
62857,2015,Pistons,Sixers,A,83,94,1428.4747,1416.0101,31.869312,0,-11
62858,2015,Clippers,Kings,A,116,105,1646.8284,1652.484,55.817799,1,11
62858,2015,Kings,Clippers,H,105,116,1390.3976,1384.7419,28.813051,0,-11
62859,2015,Raptors,Timberwolves,H,105,100,1548.5543,1550.1302,45.760742,1,5
62859,2015,Timberwolves,Raptors,A,100,105,1333.4803,1331.9044,23.983751,0,-5
62860,2015,Jazz,Wizards,H,84,88,1556.9755,1547.2756,45.465096,0,-4
62860,2015,Wizards,Jazz,A,88,84,1522.5231,1532.2229,43.899067,1,4
62861,2015,Rockets,Nuggets,H,118,108,1611.2924,1614.2357,52.213806,1,10
62861,2015,Nuggets,Rockets,A,108,118,1439.1305,1436.1871,33.90239,0,-10
62862,2015,Jazz,Lakers,A,80,73,1547.2756,1552.5989,46.016006,1,7
62862,2015,Lakers,Jazz,H,73,80,1335.6298,1330.3065,23.845245,0,-7
62863,2015,Knicks,Timberwolves,H,92,95,1289.7482,1282.9193,19.960796,0,-3
62863,2015,Timberwolves,Knicks,A,95,92,1331.9044,1338.7333,24.580952,1,3
62864,2015,Suns,Pelicans,H,74,72,1501.4518,1504.7997,41.027336,1,2
62864,2015,Pelicans,Suns,A,72,74,1510.267,1506.9191,41.249649,0,-2
62865,2015,Nets,Bucks,H,129,127,1443.1869,1446.7985,34.986946,1,2
62865,2015,Bucks,Nets,A,127,129,1469.6437,1466.0321,36.973808,0,-2
62866,2015,Bulls,Raptors,H,108,92,1533.8572,1543.9181,45.116764,1,16
62866,2015,Raptors,Bulls,A,92,108,1550.1302,1540.0693,44.716736,0,-16
62867,2015,Pacers,Cavaliers,A,92,95,1487.1711,1485.448,38.999023,0,-3
62867,2015,Cavaliers,Pacers,H,95,92,1643.8861,1645.6093,55.186913,1,3
62868,2015,Grizzlies,Mavericks,A,112,101,1586.1145,1601.2964,50.947056,1,11
62868,2015,Mavericks,Grizzlies,H,101,112,1583.0093,1567.8274,47.581249,0,-11
62869,2015,Pelicans,Warriors,A,96,112,1506.9191,1503.936,40.936745,0,-16
62869,2015,Warriors,Pelicans,H,112,96,1731.6075,1734.5906,62.683525,1,16
62870,2015,Wizards,Clippers,A,99,113,1532.2229,1527.42,43.397377,0,-14
62870,2015,Clippers,Wizards,H,113,99,1652.484,1657.2869,56.253834,1,14
62871,2015,Nuggets,Heat,A,91,108,1436.1871,1428.1517,33.087784,0,-17
62871,2015,Heat,Nuggets,H,108,91,1478.7822,1486.8176,39.142372,1,17
62872,2015,Thunder,Hawks,H,123,115,1612.7698,1619.9015,52.761452,1,8
62872,2015,Hawks,Thunder,A,115,123,1651.0712,1643.9395,55.032505,0,-8
62873,2015,Trailblazers,Magic,A,104,111,1630.4755,1614.2612,52.216282,0,-7
62873,2015,Magic,Trailblazers,H,111,104,1302.4922,1318.7064,22.854065,1,7
62874,2015,Sixers,Knicks,H,97,81,1305.9703,1314.4166,22.493992,1,16
62874,2015,Knicks,Sixers,A,81,97,1282.9193,1274.473,19.315376,0,-16
62875,2015,Kings,Hornets,H,101,91,1384.7419,1394.3086,29.734407,1,10
62875,2015,Hornets,Kings,A,91,101,1463.1089,1453.5422,35.680809,0,-10
62876,2015,Celtics,Spurs,A,89,101,1467.2391,1464.0114,36.763992,0,-12
62876,2015,Spurs,Celtics,H,101,89,1643.4958,1646.7236,55.289711,1,12
62877,2015,Bulls,Pistons,A,91,107,1543.9181,1528.3859,43.498325,0,-16
62877,2015,Pistons,Bulls,H,107,91,1416.0101,1431.5424,33.430767,1,16
62878,2015,Jazz,Warriors,A,91,106,1552.5989,1548.9791,45.641582,0,-15
62878,2015,Warriors,Jazz,H,106,91,1734.5906,1738.2103,62.955681,1,15
62879,2015,Suns,Rockets,A,117,102,1504.7997,1529.691,43.634693,1,15
62879,2015,Rockets,Suns,H,102,117,1614.2357,1589.3444,49.75869,0,-15
62880,2015,Nets,Pacers,A,123,111,1446.7985,1464.8486,36.850903,1,12
62880,2015,Pacers,Nets,H,111,123,1485.448,1467.3978,37.115734,0,-12
62881,2015,Grizzlies,Trailblazers,H,97,86,1601.2964,1609.0647,51.710171,1,11
62881,2015,Trailblazers,Grizzlies,A,86,97,1614.2612,1606.4929,51.458385,0,-11
62882,2015,Hawks,Spurs,H,95,114,1643.9395,1622.1234,52.974991,0,-19
62882,2015,Spurs,Hawks,A,114,95,1646.7236,1668.5397,57.259766,1,19
62883,2015,Celtics,Pistons,H,97,105,1464.0114,1450.161,35.332504,0,-8
62883,2015,Pistons,Celtics,A,105,97,1431.5424,1445.3927,34.842735,1,8
62884,2015,Pelicans,Clippers,A,100,107,1503.936,1501.2959,40.659813,0,-7
62884,2015,Clippers,Pelicans,H,107,100,1657.2869,1659.927,56.491837,1,7
62885,2015,Sixers,Lakers,A,87,101,1314.4166,1306.4329,21.83333,0,-14
62885,2015,Lakers,Sixers,H,101,87,1330.3065,1338.2903,24.541954,1,14
62886,2015,Bucks,Cavaliers,H,90,108,1466.0321,1454.9366,35.82468,0,-18
62886,2015,Cavaliers,Bucks,A,108,90,1645.6093,1656.7047,56.201191,1,18
62887,2015,Hornets,Timberwolves,A,109,98,1453.5422,1463.9611,36.758774,1,11
62887,2015,Timberwolves,Hornets,H,98,109,1338.7333,1328.3145,23.673237,0,-11
62888,2015,Thunder,Heat,H,93,75,1619.9015,1625.2217,53.271568,1,18
62888,2015,Heat,Thunder,A,75,93,1486.8176,1481.4974,38.585831,0,-18
62889,2015,Nuggets,Magic,A,119,100,1428.1517,1443.4148,34.640099,1,19
62889,2015,Magic,Nuggets,H,100,119,1318.7064,1303.4434,21.589151,0,-19
62890,2015,Suns,Mavericks,H,98,92,1529.691,1535.7609,44.268082,1,6
62890,2015,Mavericks,Suns,A,92,98,1567.8274,1561.7576,46.959457,0,-6
62891,2015,Wizards,Kings,A,86,109,1527.42,1507.0967,41.26828,0,-23
62891,2015,Kings,Wizards,H,109,86,1394.3086,1414.632,31.732027,1,23
62892,2015,Knicks,Raptors,A,89,106,1274.473,1272.0103,19.129927,0,-17
62892,2015,Raptors,Knicks,H,106,89,1540.0693,1542.5321,44.972797,1,17
62893,2015,Celtics,Nets,A,110,91,1450.161,1473.1112,37.710445,1,19
62893,2015,Nets,Celtics,H,91,110,1464.8486,1441.8984,34.484959,0,-19
62894,2015,Hornets,Bulls,A,86,98,1463.9611,1458.2108,36.163002,0,-12
62894,2015,Bulls,Hornets,H,98,86,1528.3859,1534.1361,44.098679,1,12
62895,2015,Wizards,Warriors,A,76,107,1507.0967,1502.514,40.787586,0,-31
62895,2015,Warriors,Wizards,H,107,76,1738.2103,1742.793,63.296379,1,31
62896,2015,Pacers,Rockets,H,100,110,1467.3978,1457.8428,36.124939,0,-10
62896,2015,Rockets,Pacers,A,110,100,1589.3444,1598.8994,50.710072,1,10
62897,2015,Grizzlies,Knicks,A,103,82,1609.0647,1614.8627,52.274624,1,21
62897,2015,Knicks,Grizzlies,H,82,103,1272.0103,1266.2123,18.69824,0,-21
62898,2015,Timberwolves,Jazz,A,106,104,1328.3145,1339.5403,24.652086,1,2
62898,2015,Jazz,Timberwolves,H,104,106,1548.9791,1537.7533,44.475662,0,-2
62899,2015,Mavericks,Spurs,H,101,94,1561.7576,1570.3813,47.841969,1,7
62899,2015,Spurs,Mavericks,A,94,101,1668.5397,1659.9159,56.490837,0,-7
62900,2015,Raptors,Pistons,A,104,108,1542.5321,1536.2742,44.321575,0,-4
62900,2015,Pistons,Raptors,H,108,104,1445.3927,1451.6506,35.485851,1,4
62901,2015,Bucks,Heat,H,89,88,1454.9366,1457.9591,36.136971,1,1
62901,2015,Heat,Bucks,A,88,89,1481.4974,1478.475,38.270039,0,-1
62902,2015,Thunder,Lakers,H,127,117,1625.2217,1626.7642,53.418701,1,10
62902,2015,Lakers,Thunder,A,117,127,1338.2903,1336.7478,24.406441,0,-10
62903,2015,Trailblazers,Warriors,H,108,122,1606.4929,1595.2953,50.352451,0,-14
62903,2015,Warriors,Trailblazers,A,122,108,1742.793,1753.9906,64.110687,1,14
62904,2015,Sixers,Kings,A,106,107,1306.4329,1304.8269,21.701939,0,-1
62904,2015,Kings,Sixers,H,107,106,1414.632,1416.2379,31.892025,1,1
62905,2015,Celtics,Heat,H,86,93,1473.1112,1461.5897,36.512852,0,-7
62905,2015,Heat,Celtics,A,93,86,1478.475,1489.9965,39.47525,1,7
62906,2015,Nets,Hornets,A,91,88,1441.8984,1450.0525,35.321339,1,3
62906,2015,Hornets,Nets,H,88,91,1458.2108,1450.0568,35.321777,0,-3
62907,2015,Sixers,Nuggets,A,99,85,1304.8269,1330.1943,23.835539,1,14
62907,2015,Nuggets,Sixers,H,85,99,1443.4148,1418.0474,32.072647,0,-14
62908,2015,Cavaliers,Grizzlies,A,111,89,1656.7047,1678.115,58.097897,1,22
62908,2015,Grizzlies,Cavaliers,H,89,111,1614.8627,1593.4524,50.169003,0,-22
62909,2015,Lakers,Timberwolves,A,101,99,1336.7478,1343.5264,25.005156,1,2
62909,2015,Timberwolves,Lakers,H,99,101,1339.5403,1332.7617,24.058256,0,-2
62910,2015,Rockets,Pelicans,A,95,93,1598.8994,1603.7739,51.191261,1,2
62910,2015,Pelicans,Rockets,H,93,95,1501.2959,1496.4214,40.148613,0,-2
62911,2015,Knicks,Clippers,H,80,111,1266.2123,1260.5667,18.284536,0,-31
62911,2015,Clippers,Knicks,A,111,80,1659.927,1665.5728,56.996712,1,31
62912,2015,Hawks,Magic,A,95,83,1622.1234,1626.5043,53.393936,1,12
62912,2015,Magic,Hawks,H,83,95,1303.4434,1299.0625,21.234516,0,-12
62913,2015,Suns,Kings,H,99,108,1535.7609,1517.3494,42.343262,0,-9
62913,2015,Kings,Suns,A,108,99,1416.2379,1434.6494,33.746033,1,9
62914,2015,Thunder,Spurs,A,91,130,1626.7642,1611.5588,51.953537,0,-39
62914,2015,Spurs,Thunder,H,130,91,1659.9159,1675.1212,57.83765,1,39
62915,2015,Bulls,Raptors,A,116,103,1534.1361,1551.2925,45.88097,1,13
62915,2015,Raptors,Bulls,H,103,116,1536.2742,1519.1178,42.528534,0,-13
62916,2015,Jazz,Trailblazers,H,89,92,1537.7533,1531.2625,43.798805,0,-3
62916,2015,Trailblazers,Jazz,A,92,89,1595.2953,1601.7861,50.995388,1,3
62917,2015,Wizards,Pacers,H,101,103,1502.514,1494.8975,39.988846,0,-2
62917,2015,Pacers,Wizards,A,103,101,1457.8428,1465.4594,36.914318,1,2
62918,2015,Bucks,Pacers,H,111,107,1457.9591,1462.316,36.588142,1,4
62918,2015,Pacers,Bucks,A,107,111,1465.4594,1461.1024,36.462353,0,-4
62919,2015,Heat,Hawks,A,86,99,1489.9965,1485.7926,39.035088,0,-13
62919,2015,Hawks,Heat,H,99,86,1626.5043,1630.7081,53.793293,1,13
62920,2015,Nets,Cavaliers,H,106,98,1450.0525,1463.7366,36.735481,1,8
62920,2015,Cavaliers,Nets,A,98,106,1678.115,1664.4309,56.895054,0,-8
62921,2015,Jazz,Nuggets,A,91,107,1531.2625,1516.5134,42.255665,0,-16
62921,2015,Nuggets,Jazz,H,107,91,1418.0474,1432.7964,33.557899,1,16
62922,2015,Timberwolves,Rockets,A,110,120,1332.7617,1331.0704,23.911402,0,-10
62922,2015,Rockets,Timberwolves,H,120,110,1603.7739,1605.4652,51.357529,1,10
62923,2015,Warriors,Grizzlies,A,107,84,1753.9906,1768.2515,65.110291,1,23
62923,2015,Grizzlies,Warriors,H,84,107,1593.4524,1579.1915,48.736862,0,-23
62924,2015,Pelicans,Kings,H,102,88,1496.4214,1502.8595,40.823822,1,14
62924,2015,Kings,Pelicans,A,88,102,1434.6494,1428.2113,33.093803,0,-14
62925,2015,Celtics,Knicks,A,96,92,1461.5897,1465.7861,36.948257,1,4
62925,2015,Knicks,Celtics,H,92,96,1260.5667,1256.3702,17.981283,0,-4
62926,2015,Pistons,Magic,A,111,97,1451.6506,1462.139,36.56979,1,14
62926,2015,Magic,Pistons,H,97,111,1299.0625,1288.5741,20.401003,0,-14
62927,2015,Clippers,Sixers,A,119,98,1665.5728,1671.422,57.513813,1,21
62927,2015,Sixers,Clippers,H,98,119,1330.1943,1324.3451,23.332703,0,-21
62928,2015,Trailblazers,Suns,A,87,81,1601.7861,1609.9669,51.798302,1,6
62928,2015,Suns,Trailblazers,H,81,87,1517.3494,1509.1686,41.485592,0,-6
62929,2015,Spurs,Mavericks,H,94,76,1675.1212,1681.2802,58.371239,1,18
62929,2015,Mavericks,Spurs,A,76,94,1570.3813,1564.2224,47.212311,0,-18
62930,2015,Lakers,Raptors,A,83,94,1343.5264,1340.4608,24.73337,0,-11
62930,2015,Raptors,Lakers,H,94,83,1519.1178,1522.1833,42.849552,1,11
62931,2015,Wizards,Hornets,H,110,107,1494.8975,1497.932,40.307014,1,3
62931,2015,Hornets,Wizards,A,107,110,1450.0568,1447.0222,35.009914,0,-3
62932,2015,Bulls,Knicks,H,111,80,1551.2925,1554.4697,46.209198,1,31
62932,2015,Knicks,Bulls,A,80,111,1256.3702,1253.193,17.754097,0,-31
62933,2015,Hawks,Hornets,A,100,115,1630.7081,1612.8688,52.08102,0,-15
62933,2015,Hornets,Hawks,H,115,100,1447.0222,1464.8616,36.852245,1,15
62934,2015,Bucks,Warriors,H,95,108,1462.316,1457.3914,36.078262,0,-13
62934,2015,Warriors,Bucks,A,108,95,1768.2515,1773.1761,65.445732,1,13
62935,2015,Trailblazers,Nuggets,H,120,114,1609.9669,1612.1013,52.006359,1,6
62935,2015,Nuggets,Trailblazers,A,114,120,1432.7964,1430.662,33.341606,0,-6
62936,2015,Jazz,Thunder,H,94,89,1516.5134,1523.4231,42.979313,1,5
62936,2015,Thunder,Jazz,A,89,94,1611.5588,1604.6492,51.277351,0,-5
62937,2015,Clippers,Celtics,A,119,106,1671.422,1679.387,58.207966,1,13
62937,2015,Celtics,Clippers,H,106,119,1465.7861,1457.8212,36.122704,0,-13
62938,2015,Nets,Lakers,H,107,99,1463.7366,1467.0745,37.082123,1,8
62938,2015,Lakers,Nets,A,99,107,1340.4608,1337.1229,24.439358,0,-8
62939,2015,Sixers,Cavaliers,A,86,87,1324.3451,1323.9053,23.295153,0,-1
62939,2015,Cavaliers,Sixers,H,87,86,1664.4309,1664.8707,56.934238,1,1
62940,2015,Mavericks,Pacers,A,99,104,1564.2224,1557.1041,46.480839,0,-5
62940,2015,Pacers,Mavericks,H,104,99,1461.1024,1468.2207,37.20129,1,5
62941,2015,Pistons,Heat,A,102,109,1462.139,1457.0986,36.048004,0,-7
62941,2015,Heat,Pistons,H,109,102,1485.7926,1490.833,39.562885,1,7
62942,2015,Timberwolves,Pelicans,A,88,110,1331.0704,1326.0941,23.482388,0,-22
62942,2015,Pelicans,Timberwolves,H,110,88,1502.8595,1507.8358,41.345806,1,22
62943,2015,Thunder,Suns,A,109,97,1604.6492,1616.4795,52.431217,1,12
62943,2015,Suns,Thunder,H,97,109,1509.1686,1497.3383,40.244755,0,-12
62944,2015,Spurs,Grizzlies,H,103,89,1681.2802,1686.5518,58.822338,1,14
62944,2015,Grizzlies,Spurs,A,89,103,1579.1915,1573.9199,48.202259,0,-14
62945,2015,Wizards,Rockets,H,91,99,1497.932,1489.1028,39.381645,0,-8
62945,2015,Rockets,Wizards,A,99,91,1605.4652,1614.2944,52.219505,1,8
62946,2015,Bucks,Hawks,A,88,101,1457.3914,1453.5896,35.685692,0,-13
62946,2015,Hawks,Bucks,H,101,88,1612.8688,1616.6705,52.449696,1,13
62947,2015,Hornets,Celtics,H,104,116,1464.8616,1448.3344,35.144676,0,-12
62947,2015,Celtics,Hornets,A,116,104,1457.8212,1474.3484,37.839417,1,12
62948,2015,Grizzlies,Kings,H,97,83,1573.9199,1578.1235,48.628769,1,14
62948,2015,Kings,Grizzlies,A,83,97,1428.2113,1424.0077,32.670155,0,-14
62949,2015,Timberwolves,Jazz,H,84,104,1326.0941,1315.0464,22.546631,0,-20
62949,2015,Jazz,Timberwolves,A,104,84,1523.4231,1534.4708,44.133587,1,20
62950,2015,Lakers,Sixers,A,113,111,1337.1229,1343.5859,25.010454,1,2
62950,2015,Sixers,Lakers,H,111,113,1323.9053,1317.4423,22.747589,0,-2
62951,2015,Trailblazers,Suns,H,109,86,1612.1013,1619.0426,52.678722,1,23
62951,2015,Suns,Trailblazers,A,86,109,1497.3383,1490.397,39.517204,0,-23
62952,2015,Rockets,Raptors,A,96,99,1614.2944,1608.865,51.690651,0,-3
62952,2015,Raptors,Rockets,H,99,96,1522.1833,1527.6128,43.417522,1,3
62953,2015,Nets,Pacers,H,111,106,1467.0745,1471.7891,37.572689,1,5
62953,2015,Pacers,Nets,A,106,111,1468.2207,1463.5061,36.711567,0,-5
62954,2015,Pistons,Hawks,H,105,95,1457.0986,1469.8457,37.37035,1,10
62954,2015,Hawks,Pistons,A,95,105,1616.6705,1603.9235,51.205978,0,-10
62955,2015,Clippers,Warriors,H,106,110,1679.387,1672.9174,57.64502,0,-4
62955,2015,Warriors,Clippers,A,110,106,1773.1761,1779.6458,65.878799,1,4
62956,2015,Spurs,Heat,A,95,81,1686.5518,1695.2881,59.558308,1,14
62956,2015,Heat,Spurs,H,81,95,1490.833,1482.0967,38.648479,0,-14
62957,2015,Celtics,Pacers,H,100,87,1474.3484,1482.1296,38.651924,1,13
62957,2015,Pacers,Celtics,A,87,100,1463.5061,1455.7249,35.906063,0,-13
62958,2015,Hornets,Pistons,H,102,78,1448.3344,1461.9639,36.551632,1,24
62958,2015,Pistons,Hornets,A,78,102,1469.8457,1456.2162,35.956814,0,-24
62959,2015,Rockets,Kings,H,115,111,1608.865,1610.5389,51.854118,1,4
62959,2015,Kings,Rockets,A,111,115,1424.0077,1422.3337,32.501957,0,-4
62960,2015,Pelicans,Lakers,A,113,92,1507.8358,1521.0076,42.726452,1,21
62960,2015,Lakers,Pelicans,H,92,113,1343.5859,1330.4142,23.854563,0,-21
62961,2015,Bucks,Bulls,H,95,91,1453.5896,1459.9344,36.341381,1,4
62961,2015,Bulls,Bucks,A,91,95,1554.4697,1548.1249,45.553101,0,-4
62962,2015,Raptors,Timberwolves,A,113,99,1527.6128,1535.7175,44.263565,1,14
62962,2015,Timberwolves,Raptors,H,99,113,1315.0464,1306.9417,21.875061,0,-14
62963,2015,Knicks,Nets,H,98,100,1253.193,1250.2303,17.544134,0,-2
62963,2015,Nets,Knicks,A,100,98,1471.7891,1474.7517,37.881474,1,2
62964,2015,Thunder,Mavericks,H,131,135,1616.4795,1606.121,51.421898,0,-4
62964,2015,Mavericks,Thunder,A,135,131,1557.1041,1567.4626,47.543968,1,4
62965,2015,Spurs,Magic,A,103,91,1695.2881,1698.0181,59.785278,1,12
62965,2015,Magic,Spurs,H,91,103,1288.5741,1285.8441,20.187675,0,-12
62966,2015,Clippers,Trailblazers,A,126,122,1672.9174,1680.3507,58.291164,1,4
62966,2015,Trailblazers,Clippers,H,122,126,1619.0426,1611.6093,51.958447,0,-4
62967,2015,Jazz,Nuggets,H,98,84,1534.4708,1539.6965,44.677948,1,14
62967,2015,Nuggets,Jazz,A,84,98,1430.662,1425.4363,32.813927,0,-14
62968,2015,Wizards,Sixers,H,106,93,1489.1028,1492.5874,39.746716,1,13
62968,2015,Sixers,Wizards,A,93,106,1317.4423,1313.9576,22.455675,0,-13
62969,2015,Heat,Cavaliers,A,88,114,1482.0967,1476.8181,38.097061,0,-26
62969,2015,Cavaliers,Heat,H,114,88,1664.8707,1670.1493,57.401821,1,26
62970,2015,Mavericks,Rockets,H,101,108,1567.4626,1557.2172,46.492485,0,-7
62970,2015,Rockets,Mavericks,A,108,101,1610.5389,1620.7844,52.846394,1,7
62971,2015,Suns,Warriors,A,106,107,1490.397,1489.8042,39.455109,0,-1
62971,2015,Warriors,Suns,H,107,106,1779.6458,1780.2385,65.918045,1,1
62972,2015,Celtics,Bucks,H,101,110,1482.1296,1467.6959,37.146725,0,-9
62972,2015,Bucks,Celtics,A,110,101,1459.9344,1474.3682,37.841476,1,9
62973,2015,Nets,Raptors,H,114,109,1474.7517,1480.8125,38.51424,1,5
62973,2015,Raptors,Nets,A,109,114,1535.7175,1529.6567,43.631111,0,-5
62974,2015,Pistons,Bulls,A,82,88,1456.2162,1452.8798,35.612503,0,-6
62974,2015,Bulls,Pistons,H,88,82,1548.1249,1551.4613,45.898426,1,6
62975,2015,Hornets,Pacers,A,74,93,1461.9639,1451.1337,35.432613,0,-19
62975,2015,Pacers,Hornets,H,93,74,1455.7249,1466.5551,37.028141,1,19
62976,2015,Lakers,Trailblazers,H,77,107,1330.4142,1320.4623,23.002464,0,-30
62976,2015,Trailblazers,Lakers,A,107,77,1611.6093,1621.5612,52.921024,1,30
62977,2015,Thunder,Grizzlies,A,92,100,1606.121,1599.2903,50.748764,0,-8
62977,2015,Grizzlies,Thunder,H,100,92,1578.1235,1584.9542,49.318161,1,8
62978,2015,Timberwolves,Magic,H,84,97,1306.9417,1288.8284,20.420948,0,-13
62978,2015,Magic,Timberwolves,A,97,84,1285.8441,1303.9574,21.631012,1,13
62979,2015,Kings,Pelicans,H,95,101,1422.3337,1414.5632,31.725185,0,-6
62979,2015,Pelicans,Kings,A,101,95,1521.0076,1528.7781,43.53931,1,6
62980,2015,Spurs,Nuggets,H,123,93,1698.0181,1701.5494,60.076725,1,30
62980,2015,Nuggets,Spurs,A,93,123,1425.4363,1421.9049,32.45892,0,-30
62981,2015,Knicks,Wizards,A,87,101,1250.2303,1247.7606,17.370491,0,-14
62981,2015,Wizards,Knicks,H,101,87,1492.5874,1495.0571,40.005581,1,14
62982,2015,Nets,Hawks,A,99,131,1480.8125,1472.3794,37.634186,0,-32
62982,2015,Hawks,Nets,H,131,99,1603.9235,1612.3566,52.0312,1,32
62983,2015,Hornets,Sixers,H,92,91,1451.1337,1452.5155,35.574959,1,1
62983,2015,Sixers,Hornets,A,91,92,1313.9576,1312.5758,22.340565,0,-1
62984,2015,Warriors,Mavericks,A,123,110,1780.2385,1787.6008,66.399498,1,13
62984,2015,Mavericks,Warriors,H,110,123,1557.2172,1549.8549,45.732243,0,-13
62985,2015,Nuggets,Clippers,H,92,107,1421.9049,1415.0565,31.774296,0,-15
62985,2015,Clippers,Nuggets,A,107,92,1680.3507,1687.1991,58.877369,1,15
62986,2015,Heat,Pistons,A,98,99,1476.8181,1473.8291,37.785275,0,-1
62986,2015,Pistons,Heat,H,99,98,1452.8798,1455.8688,35.920929,1,1
62987,2015,Grizzlies,Wizards,H,83,92,1584.9542,1567.7616,47.574524,0,-9
62987,2015,Wizards,Grizzlies,A,92,83,1495.0571,1512.2498,41.808712,1,9
62988,2015,Bucks,Magic,H,90,97,1474.3682,1456.6367,36.000263,0,-7
62988,2015,Magic,Bucks,A,97,90,1303.9574,1321.6888,23.106476,1,7
62989,2015,Jazz,Suns,A,85,87,1539.6965,1535.7163,44.263435,0,-2
62989,2015,Suns,Jazz,H,87,85,1489.8042,1493.7844,39.872169,1,2
62990,2015,Pelicans,Trailblazers,A,90,99,1528.7781,1524.5966,43.102097,0,-9
62990,2015,Trailblazers,Pelicans,H,99,90,1621.5612,1625.7427,53.321304,1,9
62991,2015,Celtics,Raptors,A,117,116,1467.6959,1474.3599,37.840611,1,1
62991,2015,Raptors,Celtics,H,116,117,1529.6567,1522.9928,42.934277,0,-1
62992,2015,Cavaliers,Bulls,H,99,94,1670.1493,1672.7987,57.634624,1,5
62992,2015,Bulls,Cavaliers,A,94,99,1551.4613,1548.8119,45.624264,0,-5
62993,2015,Heat,Pacers,A,89,112,1473.8291,1461.394,36.492573,0,-23
62993,2015,Pacers,Heat,H,112,89,1466.5551,1478.9901,38.323841,1,23
62994,2015,Clippers,Lakers,A,106,78,1687.1991,1693.2736,59.389896,1,28
62994,2015,Lakers,Clippers,H,78,106,1320.4623,1314.3878,22.491585,0,-28
62995,2015,Sixers,Knicks,A,91,101,1312.5758,1303.5011,21.593851,0,-10
62995,2015,Knicks,Sixers,H,101,91,1247.7606,1256.8353,18.014713,1,10
62996,2015,Thunder,Rockets,H,112,115,1599.2903,1591.9996,50.024113,0,-3
62996,2015,Rockets,Thunder,A,115,112,1620.7844,1628.0751,53.543465,1,3
62997,2015,Jazz,Kings,A,101,95,1535.7163,1542.8579,45.006649,1,6
62997,2015,Kings,Jazz,H,95,101,1414.5632,1407.4216,31.017403,0,-6
62998,2015,Warriors,Spurs,A,92,107,1787.6008,1774.8202,65.556595,0,-15
62998,2015,Spurs,Warriors,H,107,92,1701.5494,1714.3301,61.111019,1,15
62999,2015,Nets,Trailblazers,H,106,96,1472.3794,1484.8717,38.938721,1,10
62999,2015,Trailblazers,Nets,A,96,106,1625.7427,1613.2504,52.118114,0,-10
63000,2015,Hawks,Suns,H,96,69,1612.3566,1619.9884,52.769817,1,27
63000,2015,Suns,Hawks,A,69,96,1493.7844,1486.1526,39.072762,0,-27
63001,2015,Lakers,Clippers,A,100,105,1314.3878,1313.7802,22.440868,0,-5
63001,2015,Clippers,Lakers,H,105,100,1693.2736,1693.8812,59.440777,1,5
63002,2015,Heat,Hornets,H,105,100,1461.394,1465.9028,36.960381,1,5
63002,2015,Hornets,Heat,A,100,105,1452.5155,1448.0067,35.111015,0,-5
63003,2015,Pelicans,Warriors,H,103,100,1524.5966,1533.5389,44.036388,1,3
63003,2015,Warriors,Pelicans,A,100,103,1774.8202,1765.8778,64.946831,0,-3
63004,2015,Thunder,Spurs,H,88,113,1591.9996,1574.3732,48.248325,0,-25
63004,2015,Spurs,Thunder,A,113,88,1714.3301,1731.9565,62.483799,1,25
63005,2015,Timberwolves,Kings,A,111,116,1288.8284,1286.1777,20.213665,0,-5
63005,2015,Kings,Timberwolves,H,116,111,1407.4216,1410.0723,31.279388,1,5
63006,2015,Nets,Hawks,H,111,114,1484.8717,1479.9816,38.427414,0,-3
63006,2015,Hawks,Nets,A,114,111,1619.9884,1624.8785,53.238792,1,3
63007,2015,Hornets,Raptors,H,74,92,1448.0067,1431.3483,33.411102,0,-18
63007,2015,Raptors,Hornets,A,92,74,1522.9928,1539.6512,44.673237,1,18
63008,2015,Mavericks,Suns,H,107,104,1549.8549,1552.6273,46.018948,1,3
63008,2015,Suns,Mavericks,A,104,107,1486.1526,1483.3801,38.782688,0,-3
63009,2015,Lakers,Nuggets,A,101,119,1313.7802,1307.5118,21.92189,0,-18
63009,2015,Nuggets,Lakers,H,119,101,1415.0565,1421.3248,32.40073,1,18
63010,2015,Pistons,Celtics,H,103,113,1455.8688,1442.2097,34.516792,0,-10
63010,2015,Celtics,Pistons,A,113,103,1474.3599,1488.0189,39.268143,1,10
63011,2015,Pelicans,Grizzlies,A,74,110,1533.5389,1519.2802,42.545544,0,-36
63011,2015,Grizzlies,Pelicans,H,110,74,1567.7616,1582.0204,49.022636,1,36
63012,2015,Bucks,Cavaliers,H,99,104,1456.6367,1452.2738,35.550049,0,-5
63012,2015,Cavaliers,Bucks,A,104,99,1672.7987,1677.1616,58.015202,1,5
63013,2015,Pacers,Knicks,A,102,86,1478.9901,1487.4711,39.210781,1,16
63013,2015,Knicks,Pacers,H,86,102,1256.8353,1248.3544,17.412123,0,-16
63014,2015,Magic,Bulls,H,105,103,1321.6888,1328.9524,23.728241,1,2
63014,2015,Bulls,Magic,A,103,105,1548.8119,1541.5483,44.870548,0,-2
63015,2015,Sixers,Wizards,H,90,119,1303.5011,1289.8251,20.499258,0,-29
63015,2015,Wizards,Sixers,A,119,90,1512.2498,1525.9258,43.241135,1,29
63016,2015,Trailblazers,Timberwolves,H,116,91,1613.2504,1615.5032,52.3367,1,25
63016,2015,Timberwolves,Trailblazers,A,91,116,1286.1777,1283.9249,20.038607,0,-25
63017,2015,Spurs,Rockets,H,110,98,1731.9565,1736.6826,62.841145,1,12
63017,2015,Rockets,Spurs,A,98,110,1628.0751,1623.349,53.092476,0,-12
63018,2015,Kings,Jazz,A,91,103,1410.0723,1406.0012,30.877365,0,-12
63018,2015,Jazz,Kings,H,103,91,1542.8579,1546.929,45.429161,1,12
63019,2015,Warriors,Trailblazers,H,116,105,1765.8778,1769.3885,65.188187,1,11
63019,2015,Trailblazers,Warriors,A,105,116,1615.5032,1611.9924,51.995758,0,-11
63020,2015,Bulls,Heat,A,89,78,1541.5483,1553.5645,46.115746,1,11
63020,2015,Heat,Bulls,H,78,89,1465.9028,1453.8867,35.716339,0,-11
63021,2015,Hawks,Hornets,H,104,80,1624.8785,1629.5782,53.686214,1,24
63021,2015,Hornets,Hawks,A,80,104,1431.3483,1426.6486,32.936096,0,-24
63022,2015,Wizards,Nets,A,80,117,1525.9258,1505.2532,41.074905,0,-37
63022,2015,Nets,Wizards,H,117,80,1479.9816,1500.6542,40.592506,1,37
63023,2015,Cavaliers,Celtics,H,90,99,1677.1616,1655.8668,56.125324,0,-9
63023,2015,Celtics,Cavaliers,A,99,90,1488.0189,1509.3137,41.500816,1,9
63024,2015,Nuggets,Mavericks,H,143,144,1421.3248,1417.736,32.041534,0,-1
63024,2015,Mavericks,Nuggets,A,144,143,1552.6273,1556.2162,46.389336,1,1
63025,2015,Pistons,Pacers,H,103,107,1442.2097,1434.5623,33.737175,0,-4
63025,2015,Pacers,Pistons,A,107,103,1487.4711,1495.1185,40.01202,1,4
63026,2015,Spurs,Rockets,A,104,103,1736.6826,1740.5284,63.128559,1,1
63026,2015,Rockets,Spurs,H,103,104,1623.349,1619.5032,52.723099,0,-1
63027,2015,Lakers,Timberwolves,H,106,98,1307.5118,1312.9532,22.371969,1,8
63027,2015,Timberwolves,Lakers,A,98,106,1283.9249,1278.4835,19.620026,0,-8
63028,2015,Suns,Pelicans,A,75,90,1483.3801,1475.7584,37.986485,0,-15
63028,2015,Pelicans,Suns,H,90,75,1519.2802,1526.9019,43.343201,1,15
63029,2015,Knicks,Bucks,H,91,99,1248.3544,1242.407,16.998409,0,-8
63029,2015,Bucks,Knicks,A,99,91,1452.2738,1458.2212,36.164078,1,8
63030,2015,Thunder,Kings,H,116,103,1574.3732,1577.9204,48.608196,1,13
63030,2015,Kings,Thunder,A,103,116,1406.0012,1402.454,30.528748,0,-13
63031,2015,Raptors,Magic,A,101,99,1539.6512,1542.7217,44.992493,1,2
63031,2015,Magic,Raptors,H,99,101,1328.9524,1325.882,23.464201,0,-2
63032,2015,Jazz,Grizzlies,H,88,89,1546.929,1541.8783,44.904846,0,-1
63032,2015,Grizzlies,Jazz,A,89,88,1582.0204,1587.071,49.53083,1,1
63033,2015,Bulls,Sixers,H,114,107,1553.5645,1554.9941,46.263309,1,7
63033,2015,Sixers,Bulls,A,107,114,1289.8251,1288.3954,20.386992,0,-7
63034,2015,Timberwolves,Warriors,A,101,110,1278.4835,1278.0573,19.587488,0,-9
63034,2015,Warriors,Timberwolves,H,110,101,1769.3885,1769.8148,65.217323,1,9
63035,2015,Grizzlies,Clippers,A,86,94,1587.071,1583.4381,49.165554,0,-8
63035,2015,Clippers,Grizzlies,H,94,86,1693.8812,1697.5142,59.743492,1,8
63036,2015,Heat,Raptors,H,104,107,1453.8867,1448.0645,35.116947,0,-3
63036,2015,Raptors,Heat,A,107,104,1542.7217,1548.5439,45.596512,1,3
63037,2015,Knicks,Magic,A,80,79,1242.407,1249.4366,17.488194,1,1
63037,2015,Magic,Knicks,H,79,80,1325.882,1318.8523,22.866371,0,-1
63038,2015,Trailblazers,Jazz,H,105,111,1611.9924,1598.9786,50.717915,0,-6
63038,2015,Jazz,Trailblazers,A,111,105,1541.8783,1554.8921,46.252781,1,6
63039,2015,Celtics,Cavaliers,H,117,78,1509.3137,1540.526,44.76424,1,39
63039,2015,Cavaliers,Celtics,A,78,117,1655.8668,1624.6545,53.217384,0,-39
63040,2015,Nuggets,Kings,H,122,111,1417.736,1424.59,32.728729,1,11
63040,2015,Kings,Nuggets,A,111,122,1402.454,1395.6,29.859753,0,-11
63041,2015,Pistons,Hornets,H,116,77,1434.5623,1451.6256,35.483273,1,39
63041,2015,Hornets,Pistons,A,77,116,1426.6486,1409.5852,31.231184,0,-39
63042,2015,Rockets,Pelicans,H,121,114,1619.5032,1623.1205,53.070587,1,7
63042,2015,Pelicans,Rockets,A,114,121,1526.9019,1523.2845,42.964813,0,-7
63043,2015,Thunder,Pacers,A,104,116,1577.9204,1567.0099,47.497677,0,-12
63043,2015,Pacers,Thunder,H,116,104,1495.1185,1506.0291,41.156292,1,12
63044,2015,Lakers,Mavericks,H,106,120,1312.9532,1305.9197,21.791288,0,-14
63044,2015,Mavericks,Lakers,A,120,106,1556.2162,1563.2498,47.112587,1,14
63045,2015,Bucks,Nets,H,96,73,1458.2212,1472.658,37.663212,1,23
63045,2015,Nets,Bucks,A,73,96,1500.6542,1486.2174,39.079548,0,-23
63046,2015,Spurs,Suns,H,107,91,1740.5284,1742.9034,63.304539,1,16
63046,2015,Suns,Spurs,A,91,107,1475.7584,1473.3834,37.738815,0,-16
63047,2015,Hawks,Wizards,A,99,108,1629.5782,1618.9574,52.670509,0,-9
63047,2015,Wizards,Hawks,H,108,99,1505.2532,1515.874,42.188652,1,9
63048,2015,Knicks,Hawks,A,112,108,1249.4366,1268.4222,18.861967,1,4
63048,2015,Hawks,Knicks,H,108,112,1618.9574,1599.9718,50.816181,0,-4
63049,2015,Nets,Bulls,H,86,113,1486.2174,1463.5762,36.718838,0,-27
63049,2015,Bulls,Nets,A,113,86,1554.9941,1577.6354,48.579323,1,27
63050,2015,Rockets,Hornets,A,100,90,1623.1205,1629.6312,53.691238,1,10
63050,2015,Hornets,Rockets,H,90,100,1409.5852,1403.0745,30.589613,0,-10
63051,2015,Cavaliers,Pistons,H,109,97,1624.6545,1627.9393,53.53056,1,12
63051,2015,Pistons,Cavaliers,A,97,109,1451.6256,1448.3408,35.145344,0,-12
63052,2015,Grizzlies,Warriors,A,107,111,1583.4381,1581.7781,48.998188,0,-4
63052,2015,Warriors,Grizzlies,H,111,107,1769.8148,1771.4749,65.330414,1,4
63053,2015,Nuggets,Clippers,A,103,110,1424.59,1423.2339,32.592365,0,-7
63053,2015,Clippers,Nuggets,H,110,103,1697.5142,1698.8702,59.855831,1,7
63054,2015,Magic,Heat,A,93,100,1318.8523,1315.8535,22.614206,0,-7
63054,2015,Heat,Magic,H,100,93,1448.0645,1451.0632,35.425362,1,7
63055,2015,Pelicans,Timberwolves,A,100,88,1523.2845,1529.5891,43.624046,1,12
63055,2015,Timberwolves,Pelicans,H,88,100,1278.0573,1271.7527,19.110601,0,-12
63056,2015,Trailblazers,Thunder,A,90,101,1598.9786,1590.5547,49.879772,0,-11
63056,2015,Thunder,Trailblazers,H,101,90,1567.0099,1575.4338,48.356056,1,11
63057,2015,Bucks,Sixers,A,107,97,1472.658,1480.0674,38.436378,1,10
63057,2015,Sixers,Bucks,H,97,107,1288.3954,1280.986,19.811779,0,-10
63058,2015,Kings,Lakers,H,102,92,1395.6,1400.1278,30.301008,1,10
63058,2015,Lakers,Kings,A,92,102,1305.9197,1301.3918,21.422607,0,-10
63059,2015,Jazz,Mavericks,H,109,92,1554.8921,1565.0206,47.29409,1,17
63059,2015,Mavericks,Jazz,A,92,109,1563.2498,1553.1212,46.069969,0,-17
63060,2015,Raptors,Celtics,A,93,95,1548.5439,1545.2078,45.250637,0,-2
63060,2015,Celtics,Raptors,H,95,93,1540.526,1543.8622,45.110958,1,2
63061,2015,Pacers,Wizards,H,99,95,1506.0291,1510.4308,41.61797,1,4
63061,2015,Wizards,Pacers,A,95,99,1515.874,1511.4723,41.727188,0,-4
63062,2015,Clippers,Suns,A,112,101,1698.8702,1705.4121,60.392723,1,11
63062,2015,Suns,Clippers,H,101,112,1473.3834,1466.8416,37.057915,0,-11
63063,2015,Nets,Magic,H,101,88,1463.5762,1467.5382,37.130329,1,13
63063,2015,Magic,Nets,A,88,101,1315.8535,1311.8915,22.283695,0,-13
63064,2015,Bulls,Hawks,H,91,85,1577.6354,1583.3149,49.153145,1,6
63064,2015,Hawks,Bulls,A,85,91,1599.9718,1594.2922,50.252651,0,-6
63065,2015,Wizards,Cavaliers,A,108,113,1511.4723,1508.7924,41.446133,0,-5
63065,2015,Cavaliers,Wizards,H,113,108,1627.9393,1630.6193,53.784878,1,5
63066,2015,Mavericks,Trailblazers,H,114,98,1553.1212,1564.1244,47.202263,1,16
63066,2015,Trailblazers,Mavericks,A,98,114,1590.5547,1579.5515,48.773273,0,-16
63067,2015,Nuggets,Warriors,A,126,133,1423.2339,1422.3618,32.504776,0,-7
63067,2015,Warriors,Nuggets,H,133,126,1771.4749,1772.3469,65.389603,1,7
63068,2015,Jazz,Rockets,A,91,117,1565.0206,1555.2854,46.293358,0,-26
63068,2015,Rockets,Jazz,H,117,91,1629.6312,1639.3665,54.607323,1,26
63069,2015,Kings,Lakers,A,122,99,1400.1278,1418.2802,32.095909,1,23
63069,2015,Lakers,Kings,H,99,122,1301.3918,1283.2395,19.98555,0,-23
63070,2015,Pacers,Grizzlies,A,83,95,1510.4308,1504.8713,41.034855,0,-12
63070,2015,Grizzlies,Pacers,H,95,83,1581.7781,1587.3375,49.557568,1,12
63071,2015,Bucks,Celtics,H,100,105,1480.0674,1472.0676,37.601704,0,-5
63071,2015,Celtics,Bucks,A,105,100,1543.8622,1551.8619,45.939846,1,5
63072,2015,Timberwolves,Thunder,H,113,138,1271.7527,1263.958,18.532263,0,-25
63072,2015,Thunder,Timberwolves,A,138,113,1575.4338,1583.2285,49.144436,1,25
63073,2015,Spurs,Pelicans,A,103,108,1742.9034,1732.7263,62.542316,0,-5
63073,2015,Pelicans,Spurs,H,108,103,1529.5891,1539.7662,44.6852,1,5
63074,2015,Pistons,Knicks,A,112,90,1448.3408,1461.0784,36.459862,1,22
63074,2015,Knicks,Pistons,H,90,112,1268.4222,1255.6846,17.932079,0,-22
63075,2015,Sixers,Heat,H,101,105,1280.986,1276.1891,19.445332,0,-4
63075,2015,Heat,Sixers,A,105,101,1451.0632,1455.8601,35.920033,1,4
63076,2015,Hornets,Raptors,A,87,92,1403.0745,1400.7305,30.359943,0,-5
63076,2015,Raptors,Hornets,H,92,87,1545.2078,1547.5518,45.493713,1,5
63077,2015,Bucks,Bulls,A,91,103,1472.0676,1467.516,37.128017,0,-12
63077,2015,Bulls,Bucks,H,103,91,1583.3149,1587.8666,49.61063,1,12
63078,2015,Pelicans,Warriors,A,99,106,1539.7662,1538.0588,44.507481,0,-7
63078,2015,Warriors,Pelicans,H,106,99,1772.3469,1774.0543,65.50502,1,7
63079,2015,Mavericks,Rockets,A,108,118,1564.1244,1559.2601,46.702785,0,-10
63079,2015,Rockets,Mavericks,H,118,108,1639.3665,1644.2307,55.059471,1,10
63080,2015,Wizards,Raptors,A,93,86,1508.7924,1521.8462,42.814255,1,7
63080,2015,Raptors,Wizards,H,86,93,1547.5518,1534.4979,44.13641,0,-7
63081,2015,Hawks,Nets,H,99,92,1594.2922,1597.3297,50.554504,1,7
63081,2015,Nets,Hawks,A,92,99,1467.5382,1464.5007,36.814785,0,-7
63082,2015,Celtics,Cavaliers,A,100,113,1551.8619,1546.2174,45.355377,0,-13
63082,2015,Cavaliers,Celtics,H,113,100,1630.6193,1636.2638,54.316959,1,13
63083,2015,Clippers,Spurs,H,107,92,1705.4121,1715.512,61.205025,1,15
63083,2015,Spurs,Clippers,A,92,107,1732.7263,1722.6265,61.76498,0,-15
63084,2015,Grizzlies,Trailblazers,H,100,86,1587.3375,1595.6183,50.384563,1,14
63084,2015,Trailblazers,Grizzlies,A,86,100,1579.5515,1571.2708,47.932629,0,-14
63085,2015,Bulls,Bucks,H,91,82,1587.8666,1591.4998,49.974205,1,9
63085,2015,Bucks,Bulls,A,82,91,1467.516,1463.8828,36.750656,0,-9
63086,2015,Pelicans,Warriors,A,87,97,1538.0588,1535.9929,44.292267,0,-10
63086,2015,Warriors,Pelicans,H,97,87,1774.0543,1776.1202,65.643875,1,10
63087,2015,Cavaliers,Celtics,H,99,91,1636.2638,1640.218,54.686752,1,8
63087,2015,Celtics,Cavaliers,A,91,99,1546.2174,1542.2632,44.944851,0,-8
63088,2015,Mavericks,Rockets,A,99,111,1559.2601,1554.0623,46.167141,0,-12
63088,2015,Rockets,Mavericks,H,111,99,1644.2307,1649.4286,55.53838,1,12
63089,2015,Raptors,Wizards,H,106,117,1534.4979,1518.6039,42.474701,0,-11
63089,2015,Wizards,Raptors,A,117,106,1521.8462,1537.7402,44.474304,1,11
63090,2015,Hawks,Nets,H,96,91,1597.3297,1599.7913,50.798328,1,5
63090,2015,Nets,Hawks,A,91,96,1464.5007,1462.0392,36.559437,0,-5
63091,2015,Clippers,Spurs,H,107,111,1715.512,1706.8958,60.513313,0,-4
63091,2015,Spurs,Clippers,A,111,107,1722.6265,1731.2427,62.429428,1,4
63092,2015,Trailblazers,Grizzlies,A,82,97,1571.2708,1563.23,47.110561,0,-15
63092,2015,Grizzlies,Trailblazers,H,97,82,1595.6183,1603.6591,51.179955,1,15
63093,2015,Cavaliers,Celtics,A,103,95,1640.218,1649.3657,55.532612,1,8
63093,2015,Celtics,Cavaliers,H,95,103,1542.2632,1533.1155,43.99221,0,-8
63094,2015,Bulls,Bucks,A,113,106,1591.4998,1599.0778,50.72773,1,7
63094,2015,Bucks,Bulls,H,106,113,1463.8828,1456.3048,35.965969,0,-7
63095,2015,Warriors,Pelicans,A,123,119,1776.1202,1779.6302,65.877769,1,4
63095,2015,Pelicans,Warriors,H,119,123,1535.9929,1532.4829,43.926201,0,-4
63096,2015,Mavericks,Rockets,H,128,130,1554.0623,1549.1477,45.659039,0,-2
63096,2015,Rockets,Mavericks,A,130,128,1649.4286,1654.3431,55.987049,1,2
63097,2015,Spurs,Clippers,H,100,73,1731.2427,1743.3424,63.336937,1,27
63097,2015,Clippers,Spurs,A,73,100,1706.8958,1694.796,59.517242,0,-27
63098,2015,Wizards,Raptors,H,106,99,1537.7402,1542.8859,45.009552,1,7
63098,2015,Raptors,Wizards,A,99,106,1518.6039,1513.4583,41.935421,0,-7
63099,2015,Hawks,Nets,A,83,91,1599.7913,1589.4159,49.76585,0,-8
63099,2015,Nets,Hawks,H,91,83,1462.0392,1472.4146,37.637848,1,8
63100,2015,Bulls,Bucks,A,90,92,1599.0778,1593.4619,50.169949,0,-2
63100,2015,Bucks,Bulls,H,92,90,1456.3048,1461.9207,36.54715,1,2
63101,2015,Warriors,Pelicans,A,109,98,1779.6302,1785.5422,66.265999,1,11
63101,2015,Pelicans,Warriors,H,98,109,1532.4829,1526.5709,43.308601,0,-11
63102,2015,Trailblazers,Grizzlies,H,109,115,1563.23,1553.7316,46.133003,0,-6
63102,2015,Grizzlies,Trailblazers,A,115,109,1603.6591,1613.1575,52.109085,1,6
63103,2015,Cavaliers,Celtics,A,101,93,1649.3657,1657.9097,56.310085,1,8
63103,2015,Celtics,Cavaliers,H,93,101,1533.1155,1524.5715,43.09948,0,-8
63104,2015,Mavericks,Rockets,H,121,109,1549.1477,1561.0072,46.882389,1,12
63104,2015,Rockets,Mavericks,A,109,121,1654.3431,1642.4836,54.897511,0,-12
63105,2015,Clippers,Spurs,A,114,105,1694.796,1710.2974,60.788162,1,9
63105,2015,Spurs,Clippers,H,105,114,1743.3424,1727.8411,62.168911,0,-9
63106,2015,Wizards,Raptors,H,125,94,1542.8859,1555.9502,46.361912,1,31
63106,2015,Raptors,Wizards,A,94,125,1513.4583,1500.3939,40.565208,0,-31
63107,2015,Hawks,Nets,A,115,120,1589.4159,1581.9326,49.013783,0,-5
63107,2015,Nets,Hawks,H,120,115,1472.4146,1479.8978,38.418663,1,5
63108,2015,Bucks,Bulls,A,94,88,1461.9207,1476.9409,38.109879,1,6
63108,2015,Bulls,Bucks,H,88,94,1593.4619,1578.4417,48.660976,0,-6
63109,2015,Trailblazers,Grizzlies,H,99,92,1553.7316,1560.9326,46.874725,1,7
63109,2015,Grizzlies,Trailblazers,A,92,99,1613.1575,1605.9564,51.40575,0,-7
63110,2015,Mavericks,Rockets,A,94,103,1561.0072,1556.583,46.427143,0,-9
63110,2015,Rockets,Mavericks,H,103,94,1642.4836,1646.9078,55.306683,1,9
63111,2015,Clippers,Spurs,H,107,111,1710.2974,1701.9489,60.109535,0,-4
63111,2015,Spurs,Clippers,A,111,107,1727.8411,1736.1896,62.804081,1,4
63112,2015,Hawks,Nets,H,107,97,1581.9326,1586.1871,49.442085,1,10
63112,2015,Nets,Hawks,A,97,107,1479.8978,1475.6433,37.974476,0,-10
63113,2015,Trailblazers,Grizzlies,A,93,99,1560.9326,1556.7389,46.443207,0,-6
63113,2015,Grizzlies,Trailblazers,H,99,93,1605.9564,1610.1501,51.816185,1,6
63114,2015,Bucks,Bulls,H,66,120,1476.9409,1443.2714,34.625416,0,-54
63114,2015,Bulls,Bucks,A,120,66,1578.4417,1612.1112,52.00732,1,54
63115,2015,Spurs,Clippers,H,96,102,1736.1896,1724.3364,61.898045,0,-6
63115,2015,Clippers,Spurs,A,102,96,1701.9489,1713.802,61.068924,1,6
63116,2015,Hawks,Nets,A,111,87,1586.1871,1604.0933,51.222683,1,24
63116,2015,Nets,Hawks,H,87,111,1475.6433,1457.7372,36.114021,0,-24
63117,2015,Clippers,Spurs,H,111,109,1713.802,1717.175,61.33683,1,2
63117,2015,Spurs,Clippers,A,109,111,1724.3364,1720.9634,61.634998,0,-2
63118,2015,Hawks,Wizards,H,98,104,1604.0933,1591.7917,50.003361,0,-6
63118,2015,Wizards,Hawks,A,104,98,1555.9502,1568.2517,47.624603,1,6
63119,2015,Grizzlies,Warriors,A,86,101,1610.1501,1606.3979,51.44907,0,-15
63119,2015,Warriors,Grizzlies,H,101,86,1785.5422,1789.2944,66.508675,1,15
63120,2015,Bulls,Cavaliers,A,99,92,1612.1112,1625.4121,53.289753,1,7
63120,2015,Cavaliers,Bulls,H,92,99,1657.9097,1644.6088,55.094452,0,-7
63121,2015,Rockets,Clippers,H,101,117,1646.9078,1631.2773,53.84716,0,-16
63121,2015,Clippers,Rockets,A,117,101,1717.175,1732.8055,62.548332,1,16
63122,2015,Wizards,Hawks,A,90,106,1568.2517,1559.8243,46.760815,0,-16
63122,2015,Hawks,Wizards,H,106,90,1591.7917,1600.2191,50.840633,1,16
63123,2015,Warriors,Grizzlies,H,90,97,1789.2944,1771.1145,65.305916,0,-7
63123,2015,Grizzlies,Warriors,A,97,90,1606.3979,1624.5779,53.210056,1,7
63124,2015,Cavaliers,Bulls,H,106,91,1644.6088,1652.8413,55.850372,1,15
63124,2015,Bulls,Cavaliers,A,91,106,1625.4121,1617.1796,52.498909,0,-15
63125,2015,Rockets,Clippers,H,115,109,1631.2773,1639.0536,54.578114,1,6
63125,2015,Clippers,Rockets,A,109,115,1732.8055,1725.0293,61.95179,0,-6
63126,2015,Bulls,Cavaliers,H,99,96,1617.1796,1621.5231,52.917366,1,3
63126,2015,Cavaliers,Bulls,A,96,99,1652.8413,1648.4978,55.452946,0,-3
63127,2015,Clippers,Rockets,H,124,99,1725.0293,1733.5505,62.604836,1,25
63127,2015,Rockets,Clippers,A,99,124,1639.0536,1630.5323,53.776646,0,-25
63128,2015,Warriors,Grizzlies,A,89,99,1771.1145,1758.9005,64.459587,0,-10
63128,2015,Grizzlies,Warriors,H,99,89,1624.5779,1636.7919,54.366486,1,10
63129,2015,Hawks,Wizards,A,101,103,1600.2191,1596.3907,50.461308,0,-2
63129,2015,Wizards,Hawks,H,103,101,1559.8243,1563.6527,47.153912,1,2
63130,2015,Bulls,Cavaliers,H,84,86,1621.5231,1615.3285,52.319778,0,-2
63130,2015,Cavaliers,Bulls,A,86,84,1648.4978,1654.6924,56.018776,1,2
63131,2015,Clippers,Rockets,H,128,95,1733.5505,1743.113,63.320011,1,33
63131,2015,Rockets,Clippers,A,95,128,1630.5323,1620.9698,52.864216,0,-33
63132,2015,Warriors,Grizzlies,A,101,84,1758.9005,1772.3788,65.391762,1,17
63132,2015,Grizzlies,Warriors,H,84,101,1636.7919,1623.3136,53.089085,0,-17
63133,2015,Hawks,Wizards,A,106,101,1596.3907,1605.2505,51.336441,1,5
63133,2015,Wizards,Hawks,H,101,106,1563.6527,1554.793,46.242554,0,-5
63134,2015,Cavaliers,Bulls,H,106,101,1654.6924,1658.6122,56.373459,1,5
63134,2015,Bulls,Cavaliers,A,101,106,1615.3285,1611.4087,51.938908,0,-5
63135,2015,Clippers,Rockets,A,103,124,1743.113,1724.7617,61.931046,0,-21
63135,2015,Rockets,Clippers,H,124,103,1620.9698,1639.3212,54.603096,1,21
63136,2015,Hawks,Wizards,H,82,81,1605.2505,1607.3867,51.545986,1,1
63136,2015,Wizards,Hawks,A,81,82,1554.793,1552.6567,46.021984,0,-1
63137,2015,Grizzlies,Warriors,A,78,98,1623.3136,1618.0546,52.58342,0,-20
63137,2015,Warriors,Grizzlies,H,98,78,1772.3788,1777.6378,65.745308,1,20
63138,2015,Cavaliers,Bulls,A,94,73,1658.6122,1678.9756,58.172401,1,21
63138,2015,Bulls,Cavaliers,H,73,94,1611.4087,1591.0453,49.928806,0,-21
63139,2015,Clippers,Rockets,H,107,119,1724.7617,1704.4277,60.312469,0,-12
63139,2015,Rockets,Clippers,A,119,107,1639.3212,1659.6552,56.467388,1,12
63140,2015,Wizards,Hawks,H,91,94,1552.6567,1546.1045,45.343666,0,-3
63140,2015,Hawks,Wizards,A,94,91,1607.3867,1613.939,52.185001,1,3
63141,2015,Warriors,Grizzlies,A,108,95,1777.6378,1787.3469,66.38308,1,13
63141,2015,Grizzlies,Warriors,H,95,108,1618.0546,1608.3455,51.639843,0,-13
63142,2015,Clippers,Rockets,A,100,113,1704.4277,1694.5431,59.496117,0,-13
63142,2015,Rockets,Clippers,H,113,100,1659.6552,1669.5398,57.348087,1,13
63143,2015,Warriors,Rockets,H,110,106,1787.3469,1789.7388,66.537224,1,4
63143,2015,Rockets,Warriors,A,106,110,1669.5398,1667.1479,57.13657,0,-4
63144,2015,Hawks,Cavaliers,H,89,97,1613.939,1603.6616,51.18021,0,-8
63144,2015,Cavaliers,Hawks,A,97,89,1678.9756,1689.2529,59.051449,1,8
63145,2015,Warriors,Rockets,H,99,98,1789.7388,1791.23,66.632729,1,1
63145,2015,Rockets,Warriors,A,98,99,1667.1479,1665.6567,57.004177,0,-1
63146,2015,Hawks,Cavaliers,H,82,94,1603.6616,1591.4017,49.964417,0,-12
63146,2015,Cavaliers,Hawks,A,94,82,1689.2529,1701.5128,60.073715,1,12
63147,2015,Warriors,Rockets,A,115,80,1791.23,1813.4543,68.002609,1,35
63147,2015,Rockets,Warriors,H,80,115,1665.6567,1643.4324,54.985523,0,-35
63148,2015,Cavaliers,Hawks,H,114,111,1701.5128,1703.7124,60.254032,1,3
63148,2015,Hawks,Cavaliers,A,111,114,1591.4017,1589.2021,49.74445,0,-3
63149,2015,Warriors,Rockets,A,115,128,1813.4543,1797.8933,67.053963,0,-13
63149,2015,Rockets,Warriors,H,128,115,1643.4324,1658.9934,56.407814,1,13
63150,2015,Cavaliers,Hawks,H,118,88,1703.7124,1712.1232,60.934734,1,30
63150,2015,Hawks,Cavaliers,A,88,118,1589.2021,1580.7914,48.898579,0,-30
63151,2015,Rockets,Warriors,A,90,104,1658.9934,1654.6359,56.013645,0,-14
63151,2015,Warriors,Rockets,H,104,90,1797.8933,1802.2509,67.324539,1,14
63152,2015,Cavaliers,Warriors,A,100,108,1712.1232,1708.1705,60.616585,0,-8
63152,2015,Warriors,Cavaliers,H,108,100,1802.2509,1806.2035,67.56665,1,8
63153,2015,Cavaliers,Warriors,A,95,93,1708.1705,1716.8708,61.312763,1,2
63153,2015,Warriors,Cavaliers,H,93,95,1806.2035,1797.5032,67.029549,0,-2
63154,2015,Warriors,Cavaliers,A,91,96,1797.5032,1790.9591,66.615417,0,-5
63154,2015,Cavaliers,Warriors,H,96,91,1716.8708,1723.4149,61.826408,1,5
63155,2015,Warriors,Cavaliers,A,103,82,1790.9591,1809.9791,67.794983,1,21
63155,2015,Cavaliers,Warriors,H,82,103,1723.4149,1704.3949,60.309792,0,-21
63156,2015,Warriors,Cavaliers,H,104,91,1809.9791,1813.6349,68.013329,1,13
63156,2015,Cavaliers,Warriors,A,91,104,1704.3949,1700.7391,60.010067,0,-13
63157,2015,Cavaliers,Warriors,H,97,105,1700.7391,1692.0859,59.290245,0,-8
63157,2015,Warriors,Cavaliers,A,105,97,1813.6349,1822.2881,68.519516,1,8
